net.java.cargotracker.interfaces.booking.facade.internal.assembler.LocationDtoAssembler,net.java.cargotracker.interfaces.booking.facade.internal.assembler.ItineraryCandidateDtoAssembler,net.java.cargotracker.interfaces.booking.facade.internal.assembler.CargoRouteDtoAssembler
net.java.cargotracker.infrastructure.messaging.jms.CargoHandledConsumer,net.java.cargotracker.application.CargoInspectionService
net.java.cargotracker.interfaces.handling.HandlingEventRegistrationAttempt
net.java.cargotracker.interfaces.tracking.web.Track
net.java.cargotracker.infrastructure.persistence.jpa.JpaHandlingEventRepository,net.java.cargotracker.domain.model.handling.HandlingEventRepository
net.java.cargotracker.application.HandlingEventService
net.java.cargotracker.application.ApplicationEvents,net.java.cargotracker.interfaces.handling.file.EventItemWriter,net.java.cargotracker.infrastructure.messaging.jms.JmsApplicationEvents,net.java.cargotracker.interfaces.handling.rest.HandlingReportService
net.java.cargotracker.interfaces.handling.file.EventItemReader
net.java.pathfinder.internal.GraphDao
net.java.cargotracker.interfaces.handling.rest.HandlingReport
net.java.cargotracker.interfaces.handling.file.EventLineParseException
net.java.cargotracker.domain.model.location.Location,net.java.cargotracker.domain.model.voyage.Schedule,net.java.cargotracker.domain.model.cargo.Leg,net.java.cargotracker.domain.model.cargo.TransportStatus,net.java.cargotracker.domain.model.cargo.RouteSpecification,net.java.cargotracker.domain.model.handling.HandlingHistory,net.java.cargotracker.domain.model.cargo.Cargo,net.java.cargotracker.domain.model.location.SampleLocations,net.java.cargotracker.domain.model.cargo.RoutingStatus,net.java.cargotracker.domain.model.voyage.Voyage,net.java.cargotracker.domain.model.voyage.SampleVoyages,net.java.cargotracker.domain.model.voyage.CarrierMovement,net.java.cargotracker.domain.model.handling.HandlingEvent,net.java.cargotracker.domain.model.voyage.VoyageNumber,net.java.cargotracker.domain.model.cargo.Delivery,net.java.cargotracker.domain.model.location.UnLocode,net.java.cargotracker.domain.model.cargo.TrackingId,net.java.cargotracker.domain.model.cargo.Itinerary,net.java.cargotracker.domain.model.cargo.HandlingActivitynet.java.cargotracker.interfaces.booking.facade.internal.assembler.LocationDtoAssembler,net.java.cargotracker.interfaces.booking.facade.internal.assembler.ItineraryCandidateDtoAssembler,net.java.cargotracker.interfaces.booking.facade.internal.assembler.CargoRouteDtoAssemblernet.java.cargotracker.interfaces.tracking.web.CargoTrackingViewAdapternet.java.cargotracker.application.util.SampleDataGenerator
net.java.cargotracker.interfaces.booking.web.ChangeDestination,net.java.cargotracker.interfaces.booking.facade.BookingServiceFacade,net.java.cargotracker.interfaces.booking.web.ItinerarySelection,net.java.cargotracker.interfaces.booking.web.ListCargo,net.java.cargotracker.interfaces.booking.web.CargoDetailsnet.java.cargotracker.application.BookingService,net.java.cargotracker.interfaces.booking.facade.internal.DefaultBookingServiceFacadenet.java.cargotracker.domain.model.voyage.VoyageRepository,net.java.cargotracker.domain.model.location.LocationRepository,net.java.cargotracker.infrastructure.persistence.jpa.JpaLocationRepository,net.java.cargotracker.domain.model.handling.HandlingEventFactory,net.java.cargotracker.infrastructure.persistence.jpa.JpaVoyageRepository,net.java.cargotracker.infrastructure.persistence.jpa.JpaCargoRepository,net.java.cargotracker.domain.model.cargo.CargoRepositorynet.java.cargotracker.interfaces.booking.facade.dto.Location,net.java.cargotracker.interfaces.booking.facade.dto.Leg,net.java.cargotracker.interfaces.booking.facade.dto.RouteCandidate,net.java.cargotracker.interfaces.booking.facade.dto.CargoRoute
net.java.cargotracker.domain.model.handling.UnknownCargoException,net.java.cargotracker.domain.model.handling.UnknownVoyageException,net.java.cargotracker.domain.model.handling.CannotCreateHandlingEventExceptionnet.java.cargotracker.domain.model.handling.UnknownLocationException
net.java.cargotracker.domain.model.voyage.VoyageRepository,net.java.cargotracker.domain.model.location.LocationRepository,net.java.cargotracker.infrastructure.persistence.jpa.JpaLocationRepository,net.java.cargotracker.domain.model.handling.HandlingEventFactory,net.java.cargotracker.infrastructure.persistence.jpa.JpaVoyageRepository,net.java.cargotracker.infrastructure.persistence.jpa.JpaCargoRepository,net.java.cargotracker.domain.model.cargo.CargoRepository
net.java.pathfinder.api.TransitEdge,net.java.pathfinder.api.TransitPath
net.java.pathfinder.api.GraphTraversalService
net.java.cargotracker.infrastructure.routing.ExternalRoutingService,net.java.cargotracker.domain.service.RoutingService
net.java.cargotracker.interfaces.handling.file.EventFilesCheckpoint
