com.rafsan.inventory.controller.employee.EditController,com.rafsan.inventory.interfaces.EmployeeInterface,com.rafsan.inventory.controller.employee.EmployeeController,com.rafsan.inventory.controller.employee.AddControllercom.rafsan.inventory.controller.category.CategoryController,com.rafsan.inventory.interfaces.CategoryInterface,com.rafsan.inventory.controller.category.AddController,com.rafsan.inventory.controller.category.EditControllercom.rafsan.inventory.controller.report.ReportController,com.rafsan.inventory.controller.report.ViewController,com.rafsan.inventory.interfaces.ReportInterfacecom.rafsan.inventory.controller.sales.SalesController,com.rafsan.inventory.interfaces.SaleInterfacecom.rafsan.inventory.entity.Paymentcom.rafsan.inventory.entity.Category,com.rafsan.inventory.dao.CategoryDao,com.rafsan.inventory.model.CategoryModelcom.rafsan.inventory.dao.PurchaseDao,com.rafsan.inventory.entity.Purchase,com.rafsan.inventory.model.PurchaseModelcom.rafsan.inventory.dao.SaleDao,com.rafsan.inventory.model.SalesModel,com.rafsan.inventory.entity.Salecom.rafsan.inventory.entity.Invoice,com.rafsan.inventory.entity.Employeecom.rafsan.inventory.model.EmployeeModel,com.rafsan.inventory.dao.EmployeeDaocom.rafsan.inventory.dao.InvoiceDao,com.rafsan.inventory.model.InvoiceModel
com.rafsan.inventory.controller.category.CategoryController,com.rafsan.inventory.interfaces.CategoryInterface,com.rafsan.inventory.controller.category.AddController,com.rafsan.inventory.controller.category.EditControllercom.rafsan.inventory.controller.sales.SalesController,com.rafsan.inventory.interfaces.SaleInterfacecom.rafsan.inventory.controller.admin.AdminControllercom.rafsan.inventory.entity.Paymentcom.rafsan.inventory.entity.Category,com.rafsan.inventory.dao.CategoryDao,com.rafsan.inventory.model.CategoryModelcom.rafsan.inventory.dao.PurchaseDao,com.rafsan.inventory.entity.Purchase,com.rafsan.inventory.model.PurchaseModelcom.rafsan.inventory.dao.SaleDao,com.rafsan.inventory.model.SalesModel,com.rafsan.inventory.entity.Salecom.rafsan.inventory.dao.InvoiceDao,com.rafsan.inventory.model.InvoiceModel
com.rafsan.inventory.controller.category.CategoryController,com.rafsan.inventory.interfaces.CategoryInterface,com.rafsan.inventory.controller.category.AddController,com.rafsan.inventory.controller.category.EditControllercom.rafsan.inventory.controller.sales.SalesController,com.rafsan.inventory.interfaces.SaleInterfacecom.rafsan.inventory.controller.admin.AdminControllercom.rafsan.inventory.entity.Paymentcom.rafsan.inventory.entity.Category,com.rafsan.inventory.dao.CategoryDao,com.rafsan.inventory.model.CategoryModelcom.rafsan.inventory.dao.PurchaseDao,com.rafsan.inventory.entity.Purchase,com.rafsan.inventory.model.PurchaseModelcom.rafsan.inventory.dao.SaleDao,com.rafsan.inventory.model.SalesModel,com.rafsan.inventory.entity.Salecom.rafsan.inventory.dao.InvoiceDao,com.rafsan.inventory.model.InvoiceModel
com.rafsan.inventory.controller.category.CategoryController,com.rafsan.inventory.interfaces.CategoryInterface,com.rafsan.inventory.controller.category.AddController,com.rafsan.inventory.controller.category.EditControllercom.rafsan.inventory.controller.sales.SalesController,com.rafsan.inventory.interfaces.SaleInterfacecom.rafsan.inventory.controller.admin.AdminControllercom.rafsan.inventory.entity.Paymentcom.rafsan.inventory.entity.Category,com.rafsan.inventory.dao.CategoryDao,com.rafsan.inventory.model.CategoryModelcom.rafsan.inventory.dao.PurchaseDao,com.rafsan.inventory.entity.Purchase,com.rafsan.inventory.model.PurchaseModelcom.rafsan.inventory.dao.SaleDao,com.rafsan.inventory.model.SalesModel,com.rafsan.inventory.entity.Salecom.rafsan.inventory.dao.InvoiceDao,com.rafsan.inventory.model.InvoiceModel
com.rafsan.inventory.controller.employee.EditController,com.rafsan.inventory.interfaces.EmployeeInterface,com.rafsan.inventory.controller.employee.EmployeeController,com.rafsan.inventory.controller.employee.AddControllercom.rafsan.inventory.controller.category.CategoryController,com.rafsan.inventory.interfaces.CategoryInterface,com.rafsan.inventory.controller.category.AddController,com.rafsan.inventory.controller.category.EditControllercom.rafsan.inventory.controller.report.ReportController,com.rafsan.inventory.controller.report.ViewController,com.rafsan.inventory.interfaces.ReportInterfacecom.rafsan.inventory.controller.sales.SalesController,com.rafsan.inventory.interfaces.SaleInterfacecom.rafsan.inventory.entity.Category,com.rafsan.inventory.dao.CategoryDao,com.rafsan.inventory.model.CategoryModelcom.rafsan.inventory.dao.PurchaseDao,com.rafsan.inventory.entity.Purchase,com.rafsan.inventory.model.PurchaseModelcom.rafsan.inventory.dao.SaleDao,com.rafsan.inventory.model.SalesModel,com.rafsan.inventory.entity.Salecom.rafsan.inventory.entity.Invoice,com.rafsan.inventory.entity.Employeecom.rafsan.inventory.model.EmployeeModel,com.rafsan.inventory.dao.EmployeeDaocom.rafsan.inventory.dao.InvoiceDao,com.rafsan.inventory.model.InvoiceModel
com.rafsan.inventory.controller.category.CategoryController,com.rafsan.inventory.interfaces.CategoryInterface,com.rafsan.inventory.controller.category.AddController,com.rafsan.inventory.controller.category.EditControllercom.rafsan.inventory.controller.sales.SalesController,com.rafsan.inventory.interfaces.SaleInterfacecom.rafsan.inventory.controller.admin.AdminControllercom.rafsan.inventory.entity.Paymentcom.rafsan.inventory.entity.Category,com.rafsan.inventory.dao.CategoryDao,com.rafsan.inventory.model.CategoryModelcom.rafsan.inventory.dao.PurchaseDao,com.rafsan.inventory.entity.Purchase,com.rafsan.inventory.model.PurchaseModelcom.rafsan.inventory.dao.SaleDao,com.rafsan.inventory.model.SalesModel,com.rafsan.inventory.entity.Salecom.rafsan.inventory.dao.InvoiceDao,com.rafsan.inventory.model.InvoiceModel
com.rafsan.inventory.controller.employee.EditController,com.rafsan.inventory.interfaces.EmployeeInterface,com.rafsan.inventory.controller.employee.EmployeeController,com.rafsan.inventory.controller.employee.AddControllercom.rafsan.inventory.controller.category.CategoryController,com.rafsan.inventory.interfaces.CategoryInterface,com.rafsan.inventory.controller.category.AddController,com.rafsan.inventory.controller.category.EditControllercom.rafsan.inventory.controller.report.ReportController,com.rafsan.inventory.controller.report.ViewController,com.rafsan.inventory.interfaces.ReportInterfacecom.rafsan.inventory.controller.sales.SalesController,com.rafsan.inventory.interfaces.SaleInterfacecom.rafsan.inventory.entity.Paymentcom.rafsan.inventory.entity.Category,com.rafsan.inventory.dao.CategoryDao,com.rafsan.inventory.model.CategoryModelcom.rafsan.inventory.dao.PurchaseDao,com.rafsan.inventory.entity.Purchase,com.rafsan.inventory.model.PurchaseModelcom.rafsan.inventory.dao.SaleDao,com.rafsan.inventory.model.SalesModel,com.rafsan.inventory.entity.Salecom.rafsan.inventory.entity.Invoice,com.rafsan.inventory.entity.Employeecom.rafsan.inventory.model.EmployeeModel,com.rafsan.inventory.dao.EmployeeDaocom.rafsan.inventory.dao.InvoiceDao,com.rafsan.inventory.model.InvoiceModel
com.rafsan.inventory.controller.category.CategoryController,com.rafsan.inventory.interfaces.CategoryInterface,com.rafsan.inventory.controller.category.AddController,com.rafsan.inventory.controller.category.EditControllercom.rafsan.inventory.controller.sales.SalesController,com.rafsan.inventory.interfaces.SaleInterfacecom.rafsan.inventory.controller.admin.AdminControllercom.rafsan.inventory.entity.Paymentcom.rafsan.inventory.entity.Category,com.rafsan.inventory.dao.CategoryDao,com.rafsan.inventory.model.CategoryModelcom.rafsan.inventory.dao.PurchaseDao,com.rafsan.inventory.entity.Purchase,com.rafsan.inventory.model.PurchaseModelcom.rafsan.inventory.dao.SaleDao,com.rafsan.inventory.model.SalesModel,com.rafsan.inventory.entity.Salecom.rafsan.inventory.dao.InvoiceDao,com.rafsan.inventory.model.InvoiceModel
com.rafsan.inventory.controller.employee.EditController,com.rafsan.inventory.interfaces.EmployeeInterface,com.rafsan.inventory.controller.employee.EmployeeController,com.rafsan.inventory.controller.employee.AddControllercom.rafsan.inventory.controller.category.CategoryController,com.rafsan.inventory.interfaces.CategoryInterface,com.rafsan.inventory.controller.category.AddController,com.rafsan.inventory.controller.category.EditControllercom.rafsan.inventory.controller.report.ReportController,com.rafsan.inventory.controller.report.ViewController,com.rafsan.inventory.interfaces.ReportInterfacecom.rafsan.inventory.controller.sales.SalesController,com.rafsan.inventory.interfaces.SaleInterfacecom.rafsan.inventory.entity.Category,com.rafsan.inventory.dao.CategoryDao,com.rafsan.inventory.model.CategoryModelcom.rafsan.inventory.dao.PurchaseDao,com.rafsan.inventory.entity.Purchase,com.rafsan.inventory.model.PurchaseModelcom.rafsan.inventory.dao.SaleDao,com.rafsan.inventory.model.SalesModel,com.rafsan.inventory.entity.Salecom.rafsan.inventory.entity.Invoice,com.rafsan.inventory.entity.Employeecom.rafsan.inventory.model.EmployeeModel,com.rafsan.inventory.dao.EmployeeDaocom.rafsan.inventory.dao.InvoiceDao,com.rafsan.inventory.model.InvoiceModel
com.rafsan.inventory.controller.employee.EditController,com.rafsan.inventory.interfaces.EmployeeInterface,com.rafsan.inventory.controller.employee.EmployeeController,com.rafsan.inventory.controller.employee.AddControllercom.rafsan.inventory.controller.category.CategoryController,com.rafsan.inventory.interfaces.CategoryInterface,com.rafsan.inventory.controller.category.AddController,com.rafsan.inventory.controller.category.EditControllercom.rafsan.inventory.controller.report.ReportController,com.rafsan.inventory.controller.report.ViewController,com.rafsan.inventory.interfaces.ReportInterfacecom.rafsan.inventory.controller.sales.SalesController,com.rafsan.inventory.interfaces.SaleInterfacecom.rafsan.inventory.controller.admin.AdminControllercom.rafsan.inventory.entity.Paymentcom.rafsan.inventory.entity.Category,com.rafsan.inventory.dao.CategoryDao,com.rafsan.inventory.model.CategoryModelcom.rafsan.inventory.dao.PurchaseDao,com.rafsan.inventory.entity.Purchase,com.rafsan.inventory.model.PurchaseModelcom.rafsan.inventory.dao.SaleDao,com.rafsan.inventory.model.SalesModel,com.rafsan.inventory.entity.Salecom.rafsan.inventory.entity.Invoice,com.rafsan.inventory.entity.Employeecom.rafsan.inventory.model.EmployeeModel,com.rafsan.inventory.dao.EmployeeDaocom.rafsan.inventory.dao.InvoiceDao,com.rafsan.inventory.model.InvoiceModel
com.rafsan.inventory.controller.product.AddController,com.rafsan.inventory.controller.product.EditController,com.rafsan.inventory.controller.product.ProductController,com.rafsan.inventory.interfaces.ProductInterfacecom.rafsan.inventory.controller.category.CategoryController,com.rafsan.inventory.interfaces.CategoryInterface,com.rafsan.inventory.controller.category.AddController,com.rafsan.inventory.controller.category.EditControllercom.rafsan.inventory.controller.pos.PosController,com.rafsan.inventory.controller.pos.InvoiceController,com.rafsan.inventory.controller.pos.ConfirmControllercom.rafsan.inventory.controller.sales.SalesController,com.rafsan.inventory.interfaces.SaleInterfacecom.rafsan.inventory.controller.admin.AdminControllercom.rafsan.inventory.dao.ProductDao,com.rafsan.inventory.entity.Product,com.rafsan.inventory.model.ProductModelcom.rafsan.inventory.entity.Category,com.rafsan.inventory.dao.CategoryDao,com.rafsan.inventory.model.CategoryModelcom.rafsan.inventory.dao.PurchaseDao,com.rafsan.inventory.entity.Purchase,com.rafsan.inventory.model.PurchaseModelcom.rafsan.inventory.dao.SaleDao,com.rafsan.inventory.model.SalesModel,com.rafsan.inventory.entity.Salecom.rafsan.inventory.dao.InvoiceDao,com.rafsan.inventory.model.InvoiceModelcom.rafsan.inventory.entity.Item
com.rafsan.inventory.controller.supplier.EditController,com.rafsan.inventory.controller.supplier.SupplierController,com.rafsan.inventory.interfaces.SupplierInterface,com.rafsan.inventory.controller.supplier.AddControllercom.rafsan.inventory.controller.category.CategoryController,com.rafsan.inventory.interfaces.CategoryInterface,com.rafsan.inventory.controller.category.AddController,com.rafsan.inventory.controller.category.EditControllercom.rafsan.inventory.controller.purchase.AddController,com.rafsan.inventory.controller.purchase.PurchaseController,com.rafsan.inventory.interfaces.PurchaseInterfacecom.rafsan.inventory.controller.sales.SalesController,com.rafsan.inventory.interfaces.SaleInterfacecom.rafsan.inventory.controller.admin.AdminControllercom.rafsan.inventory.entity.Supplier,com.rafsan.inventory.dao.SupplierDao,com.rafsan.inventory.model.SupplierModelcom.rafsan.inventory.entity.Paymentcom.rafsan.inventory.entity.Category,com.rafsan.inventory.dao.CategoryDao,com.rafsan.inventory.model.CategoryModelcom.rafsan.inventory.dao.PurchaseDao,com.rafsan.inventory.entity.Purchase,com.rafsan.inventory.model.PurchaseModelcom.rafsan.inventory.dao.SaleDao,com.rafsan.inventory.model.SalesModel,com.rafsan.inventory.entity.Salecom.rafsan.inventory.dao.InvoiceDao,com.rafsan.inventory.model.InvoiceModelcom.rafsan.inventory.MainApp,com.rafsan.inventory.HibernateUtil
