net.jforum.services.AttachmentService,net.jforum.security.DownloadAttachmentRule,net.jforum.extensions.Extends,net.jforum.actions.interceptors.ExtendsAnnotationInterceptor,
net.jforum.services.AvatarService,net.jforum.controllers.AvatarAdminController,
net.jforum.services.CategoryService,net.jforum.controllers.CategoryAdminController,net.jforum.events.listeners.CategoryEventListener,net.jforum.events.EmptyCategoryEvent,net.jforum.security.EmptyRule,net.jforum.events.Event,net.jforum.events.listeners.AbstractListener,
net.jforum.services.ConfigService,net.jforum.controllers.ConfigController,net.jforum.core.VRaptorCustomPathResolver,
net.jforum.services.ForumService,net.jforum.controllers.ForumController,net.jforum.controllers.ForumAdminController,net.jforum.plugins.post.ForumAdminExtension,net.jforum.events.EmptyForumEvent,net.jforum.events.listeners.ForumEventListener,net.jforum.security.AccessForumRule,net.jforum.security.EmptyRule,net.jforum.events.Event,net.jforum.core.events.post.ForumPostEvent,net.jforum.core.events.topic.ForumTopicEvent,net.jforum.events.listeners.AbstractListener,net.jforum.extensions.Extends,net.jforum.actions.interceptors.ExtendsAnnotationInterceptor,net.jforum.security.AccessForumRule,
net.jforum.services.GroupService,net.jforum.controllers.GroupAdminController,
net.jforum.services.MessageFormatService,
net.jforum.services.ModerationLogService,
net.jforum.services.ModerationService,net.jforum.security.ModerationRule,net.jforum.controllers.ModerationController,net.jforum.services.ModerationLogService,
net.jforum.services.MostUsersEverOnlineService,
net.jforum.services.PollService,net.jforum.services.PollService.PollChanges,
net.jforum.services.PostService,net.jforum.security.ChangePostRule,net.jforum.plugins.post.PostEditInterceptor,net.jforum.controllers.PostController,net.jforum.events.EmptyPostEvent,net.jforum.security.EmptyRule,net.jforum.events.Event,net.jforum.core.events.post.ForumPostEvent,net.jforum.core.events.post.TopicPostEvent,
net.jforum.services.PrivateMessageService,net.jforum.controllers.PrivateMessageController,net.jforum.security.PrivateMessageEnabledRule,net.jforum.security.PrivateMessageOwnerRule,
net.jforum.services.RSSService,net.jforum.controllers.RSSController,
net.jforum.services.RankingService,net.jforum.controllers.RankingAdminController,
net.jforum.services.SmilieService,net.jforum.controllers.SmilieAdminController,
net.jforum.services.TopicService,net.jforum.security.CreateNewTopicRule,net.jforum.security.ReplyTopicRule,net.jforum.security.TopicFilter,net.jforum.events.EmptyTopicEvent,net.jforum.events.listeners.TopicEventListener,net.jforum.controllers.TopicController,net.jforum.security.EmptyRule,net.jforum.events.Event,net.jforum.core.events.post.TopicPostEvent,net.jforum.core.events.post.TopicReplyEvent,net.jforum.core.events.topic.ForumTopicEvent,net.jforum.events.listeners.AbstractListener,
net.jforum.services.TopicWatchService,net.jforum.actions.extensions.TopicWatchExtension,net.jforum.core.events.topic.TopicWatchTopicEvent,net.jforum.events.Event,net.jforum.core.events.post.TopicWatchPostEvent,net.jforum.extensions.Extends,net.jforum.actions.interceptors.ExtendsAnnotationInterceptor,
net.jforum.services.UserService,net.jforum.security.EditUserRule,net.jforum.controllers.UserController,
net.jforum.security.AuthenticatedRule,net.jforum.services.LostPasswordService,
net.jforum.security.AccessRule,net.jforum.security.AccessForumRule,
net.jforum.security.AdministrationRule,net.jforum.controllers.AdminController,net.jforum.controllers.HibernateStatisticsController,
net.jforum.security.RoleManager,
net.jforum.core.SessionManager,net.jforum.actions.interceptors.SessionManagerInterceptor,net.jforum.core.UserSessionListener,net.jforum.events.listeners.AbstractListener,
net.jforum.actions.interceptors.SecurityInterceptor,net.jforum.actions.interceptors.MethodSecurityInterceptor,net.jforum.actions.interceptors.ControllerSecurityInterceptor,
net.jforum.controllers.BadWordAdminController,net.jforum.core.events.post.BadWordEvent,net.jforum.events.Event,
net.jforum.controllers.BanListAdminController,
net.jforum.core.support.hibernate.SessionFactoryCreator,net.jforum.core.support.hibernate.SpringInterceptor,net.jforum.core.support.hibernate.SpringSessionFactory,net.jforum.core.VRaptorSpringProvider,
net.jforum.controllers.LuceneAdminController,
net.jforum.controllers.MessageController,
net.jforum.controllers.ThemeController,
net.jforum.controllers.SearchController,
net.jforum.api.JForumExecutionContext,
net.jforum.controllers.RecentTopicsController,
net.jforum.controllers.PostReportController,net.jforum.extensions.PostReportCounterOperation,net.jforum.extensions.RequestOperation,net.jforum.extensions.RequestOperationChain,
net.jforum.core.support.hibernate.CacheEvictionRules,
net.jforum.extensions.ActionExtension,net.jforum.extensions.ActionExtensionManager,net.jforum.extensions.Extends,net.jforum.actions.interceptors.ExtendsAnnotationInterceptor
