net.jforum.actions.helpers.AttachedFile,net.jforum.util.ImageUtils,
net.jforum.util.UploadUtils,net.jforum.util.ImageInfo,net.jforum.core.exceptions.ValidationException,
net.jforum.core.tags.DisplayCategoriesTag,net.jforum.util.CategoryOrderComparator,net.jforum.core.events.category.NewCategoryGroupPermissionsEvent,net.jforum.core.exceptions.ValidationException,
net.jforum.util.ConfigKeys,net.jforum.util.JForumConfig,net.jforum.util.I18n,net.jforum.core.tags.I18nTag,net.jforum.util.URLBuilder,net.jforum.core.tags.URLTag,net.jforum.core.tags.TemplateResourceTag,net.jforum.core.tags.SettingsTag,
net.jforum.core.tags.DisplayForumsTag,net.jforum.core.events.forum.NewForumGroupPermissionsEvent,net.jforum.core.exceptions.ForumException,net.jforum.core.exceptions.ValidationException,
net.jforum.util.GroupInteractionFilter,net.jforum.core.events.category.NewCategoryGroupPermissionsEvent,net.jforum.core.events.forum.NewForumGroupPermissionsEvent,net.jforum.core.exceptions.ValidationException,
net.jforum.formatters.PostFormatters,net.jforum.formatters.Formatter,net.jforum.formatters.SafeHtmlAttributesFormatter,net.jforum.formatters.SafeHtmlTagsFormatter,net.jforum.formatters.SmiliesFormatter,net.jforum.formatters.HtmlEntitiesFormatter,net.jforum.formatters.NewLineToHtmlBreakFormatter,net.jforum.core.tags.DisplayFormattedMessageTag,net.jforum.core.tags.FormatSignatureTag,net.jforum.util.SafeHtml,
net.jforum.actions.helpers.ApproveInfo,
net.jforum.formatters.PostFormatters,net.jforum.actions.helpers.PostFormOptions,net.jforum.formatters.PostOptions,
net.jforum.core.exceptions.ValidationException,
net.jforum.core.tags.Functions,net.jforum.core.exceptions.ValidationException,
net.jforum.formatters.SmiliesFormatter,net.jforum.core.exceptions.ValidationException,
net.jforum.core.exceptions.ValidationException,
net.jforum.sso.DefaultLoginAuthenticator,net.jforum.sso.LoginAuthenticator,net.jforum.util.mail.LostPasswordSpammer,
net.jforum.core.exceptions.AccessRuleException,
net.jforum.actions.helpers.Domain,
net.jforum.core.Role,net.jforum.core.support.spring.RoleManagerFactoryBean,
net.jforum.core.SecurityConstraint,net.jforum.util.SecurityConstants,
net.jforum.util.mail.MessageId,net.jforum.util.MD5,net.jforum.util.URLBuilder,net.jforum.core.tags.URLTag,
net.jforum.util.JForumConfig,net.jforum.core.tags.JForumTag,
net.jforum.core.support.hibernate.QueryCache,net.jforum.core.support.hibernate.QueryCacheFactory,
net.jforum.sso.RemoteUserSSO,net.jforum.sso.SSOUtils,net.jforum.sso.SSO,
net.jforum.util.mail.Spammer,net.jforum.util.mail.SpammerFactory,net.jforum.util.mail.SpammerTaskExecutor,net.jforum.util.mail.LostPasswordSpammer,net.jforum.util.mail.ActivationKeySpammer,net.jforum.util.mail.TopicReplySpammer,net.jforum.util.mail.PrivateMessageSpammer,
net.jforum.formatters.BBConfigFormatter,net.jforum.formatters.BBCode,net.jforum.formatters.BBCodeConfigParser,
net.jforum.actions.helpers.Actions,net.jforum.actions.helpers.ActionUtils,
net.jforum.util.mail.IdentifiableMimeMessage,net.jforum.util.mail.EmailSenderTask,net.jforum.core.exceptions.MailException,
net.jforum.core.tags.ImportFileTag,net.jforum.core.tags.ImportResponseWrapper
