net.java.cargotracker.interfaces.handling.file.EventItemWriter,net.java.cargotracker.interfaces.handling.rest.HandlingReportService,net.java.cargotracker.infrastructure.messaging.jms.JmsApplicationEvents,net.java.cargotracker.application.ApplicationEvents
net.java.cargotracker.interfaces.booking.web.ListCargo,net.java.cargotracker.interfaces.booking.web.CargoDetails,net.java.cargotracker.interfaces.booking.web.ChangeDestination,net.java.cargotracker.interfaces.booking.web.ItinerarySelection,net.java.cargotracker.interfaces.booking.facade.BookingServiceFacadenet.java.cargotracker.interfaces.booking.facade.internal.DefaultBookingServiceFacade,net.java.cargotracker.application.BookingService
net.java.cargotracker.interfaces.booking.facade.dto.Location,net.java.cargotracker.interfaces.booking.facade.dto.RouteCandidate,net.java.cargotracker.interfaces.booking.facade.dto.CargoRoute,net.java.cargotracker.interfaces.booking.facade.dto.Leg
net.java.cargotracker.interfaces.handling.HandlingEventRegistrationAttempt
net.java.cargotracker.interfaces.handling.file.EventItemReadernet.java.cargotracker.interfaces.handling.file.EventFilesCheckpoint
net.java.cargotracker.interfaces.handling.file.EventLineParseException
net.java.pathfinder.api.GraphTraversalService
net.java.pathfinder.internal.GraphDao
net.java.cargotracker.infrastructure.messaging.jms.CargoHandledConsumer,net.java.cargotracker.application.CargoInspectionService
net.java.cargotracker.application.HandlingEventService
net.java.cargotracker.interfaces.handling.rest.HandlingReport
net.java.cargotracker.interfaces.tracking.web.Track
net.java.cargotracker.domain.model.handling.HandlingEventRepository,net.java.cargotracker.infrastructure.persistence.jpa.JpaHandlingEventRepository
net.java.cargotracker.domain.service.RoutingService,net.java.cargotracker.infrastructure.routing.ExternalRoutingService
net.java.cargotracker.domain.model.cargo.CargoRepository,net.java.cargotracker.infrastructure.persistence.jpa.JpaVoyageRepository,net.java.cargotracker.domain.model.voyage.VoyageRepository,net.java.cargotracker.domain.model.location.LocationRepository,net.java.cargotracker.domain.model.handling.HandlingEventFactory,net.java.cargotracker.infrastructure.persistence.jpa.JpaLocationRepository,net.java.cargotracker.infrastructure.persistence.jpa.JpaCargoRepository
net.java.pathfinder.api.TransitEdge,net.java.pathfinder.api.TransitPath
net.java.cargotracker.domain.model.handling.UnknownVoyageException,net.java.cargotracker.domain.model.handling.CannotCreateHandlingEventException,net.java.cargotracker.domain.model.handling.UnknownCargoExceptionnet.java.cargotracker.domain.model.handling.UnknownLocationException
net.java.cargotracker.domain.model.cargo.HandlingActivity,net.java.cargotracker.domain.model.voyage.VoyageNumber,net.java.cargotracker.domain.model.handling.HandlingHistory,net.java.cargotracker.domain.model.cargo.Leg,net.java.cargotracker.domain.model.cargo.Itinerary,net.java.cargotracker.domain.model.voyage.SampleVoyages,net.java.cargotracker.domain.model.location.Location,net.java.cargotracker.domain.model.cargo.TransportStatus,net.java.cargotracker.domain.model.voyage.Voyage,net.java.cargotracker.domain.model.location.SampleLocations,net.java.cargotracker.domain.model.cargo.TrackingId,net.java.cargotracker.domain.model.cargo.Delivery,net.java.cargotracker.domain.model.voyage.Schedule,net.java.cargotracker.domain.model.handling.HandlingEvent,net.java.cargotracker.domain.model.voyage.CarrierMovement,net.java.cargotracker.domain.model.cargo.RoutingStatus,net.java.cargotracker.domain.model.cargo.Cargo,net.java.cargotracker.domain.model.cargo.RouteSpecification,net.java.cargotracker.domain.model.location.UnLocodenet.java.cargotracker.interfaces.booking.facade.internal.assembler.LocationDtoAssembler,net.java.cargotracker.interfaces.booking.facade.internal.assembler.CargoRouteDtoAssembler,net.java.cargotracker.interfaces.booking.facade.internal.assembler.ItineraryCandidateDtoAssemblernet.java.cargotracker.application.util.SampleDataGeneratornet.java.cargotracker.interfaces.tracking.web.CargoTrackingViewAdapter
