com.rafsan.inventory.controller.product.AddController,com.rafsan.inventory.interfaces.ProductInterface,com.rafsan.inventory.controller.product.ProductController,com.rafsan.inventory.controller.product.EditControllercom.rafsan.inventory.controller.supplier.AddController,com.rafsan.inventory.controller.supplier.EditController,com.rafsan.inventory.controller.supplier.SupplierController,com.rafsan.inventory.interfaces.SupplierInterfacecom.rafsan.inventory.controller.category.EditController,com.rafsan.inventory.controller.category.CategoryController,com.rafsan.inventory.interfaces.CategoryInterface,com.rafsan.inventory.controller.category.AddControllercom.rafsan.inventory.controller.pos.InvoiceController,com.rafsan.inventory.controller.pos.PosController,com.rafsan.inventory.controller.pos.ConfirmControllercom.rafsan.inventory.controller.purchase.AddController,com.rafsan.inventory.controller.purchase.PurchaseController,com.rafsan.inventory.interfaces.PurchaseInterfacecom.rafsan.inventory.controller.admin.AdminControllercom.rafsan.inventory.dao.ProductDao,com.rafsan.inventory.model.SupplierModel,com.rafsan.inventory.model.ProductModel,com.rafsan.inventory.dao.SupplierDao,com.rafsan.inventory.dao.PurchaseDao,com.rafsan.inventory.entity.Product,com.rafsan.inventory.entity.Supplier,com.rafsan.inventory.model.PurchaseModel,com.rafsan.inventory.entity.Purchase,com.rafsan.inventory.entity.Category,com.rafsan.inventory.model.CategoryModel,com.rafsan.inventory.dao.CategoryDaocom.rafsan.inventory.dao.InvoiceDao,com.rafsan.inventory.model.InvoiceModelcom.rafsan.inventory.entity.Paymentcom.rafsan.inventory.MainApp,com.rafsan.inventory.HibernateUtil
com.rafsan.inventory.controller.product.AddController,com.rafsan.inventory.interfaces.ProductInterface,com.rafsan.inventory.controller.product.ProductController,com.rafsan.inventory.controller.product.EditControllercom.rafsan.inventory.controller.supplier.AddController,com.rafsan.inventory.controller.supplier.EditController,com.rafsan.inventory.controller.supplier.SupplierController,com.rafsan.inventory.interfaces.SupplierInterfacecom.rafsan.inventory.controller.category.EditController,com.rafsan.inventory.controller.category.CategoryController,com.rafsan.inventory.interfaces.CategoryInterface,com.rafsan.inventory.controller.category.AddControllercom.rafsan.inventory.controller.pos.InvoiceController,com.rafsan.inventory.controller.pos.PosController,com.rafsan.inventory.controller.pos.ConfirmControllercom.rafsan.inventory.controller.purchase.AddController,com.rafsan.inventory.controller.purchase.PurchaseController,com.rafsan.inventory.interfaces.PurchaseInterfacecom.rafsan.inventory.controller.admin.AdminControllercom.rafsan.inventory.dao.ProductDao,com.rafsan.inventory.model.SupplierModel,com.rafsan.inventory.model.ProductModel,com.rafsan.inventory.dao.SupplierDao,com.rafsan.inventory.dao.PurchaseDao,com.rafsan.inventory.entity.Product,com.rafsan.inventory.entity.Supplier,com.rafsan.inventory.model.PurchaseModel,com.rafsan.inventory.entity.Purchase,com.rafsan.inventory.entity.Category,com.rafsan.inventory.model.CategoryModel,com.rafsan.inventory.dao.CategoryDaocom.rafsan.inventory.dao.InvoiceDao,com.rafsan.inventory.model.InvoiceModelcom.rafsan.inventory.entity.Payment
com.rafsan.inventory.interfaces.EmployeeInterface,com.rafsan.inventory.controller.employee.AddController,com.rafsan.inventory.controller.employee.EmployeeController,com.rafsan.inventory.controller.employee.EditControllercom.rafsan.inventory.controller.report.ReportController,com.rafsan.inventory.controller.report.ViewController,com.rafsan.inventory.interfaces.ReportInterfacecom.rafsan.inventory.interfaces.SaleInterface,com.rafsan.inventory.controller.sales.SalesControllercom.rafsan.inventory.controller.admin.AdminControllercom.rafsan.inventory.entity.Employee,com.rafsan.inventory.model.SalesModel,com.rafsan.inventory.entity.Sale,com.rafsan.inventory.dao.EmployeeDao,com.rafsan.inventory.model.EmployeeModel,com.rafsan.inventory.dao.SaleDao,com.rafsan.inventory.entity.Invoicecom.rafsan.inventory.dao.InvoiceDao,com.rafsan.inventory.model.InvoiceModelcom.rafsan.inventory.entity.Paymentcom.rafsan.inventory.entity.Itemcom.rafsan.inventory.MainApp,com.rafsan.inventory.HibernateUtil
com.rafsan.inventory.interfaces.EmployeeInterface,com.rafsan.inventory.controller.employee.AddController,com.rafsan.inventory.controller.employee.EmployeeController,com.rafsan.inventory.controller.employee.EditControllercom.rafsan.inventory.controller.report.ReportController,com.rafsan.inventory.controller.report.ViewController,com.rafsan.inventory.interfaces.ReportInterfacecom.rafsan.inventory.interfaces.SaleInterface,com.rafsan.inventory.controller.sales.SalesControllercom.rafsan.inventory.controller.admin.AdminControllercom.rafsan.inventory.entity.Employee,com.rafsan.inventory.model.SalesModel,com.rafsan.inventory.entity.Sale,com.rafsan.inventory.dao.EmployeeDao,com.rafsan.inventory.model.EmployeeModel,com.rafsan.inventory.dao.SaleDao,com.rafsan.inventory.entity.Invoicecom.rafsan.inventory.dao.InvoiceDao,com.rafsan.inventory.model.InvoiceModelcom.rafsan.inventory.entity.Paymentcom.rafsan.inventory.entity.Itemcom.rafsan.inventory.MainApp,com.rafsan.inventory.HibernateUtil
com.rafsan.inventory.interfaces.EmployeeInterface,com.rafsan.inventory.controller.employee.AddController,com.rafsan.inventory.controller.employee.EmployeeController,com.rafsan.inventory.controller.employee.EditControllercom.rafsan.inventory.controller.report.ReportController,com.rafsan.inventory.controller.report.ViewController,com.rafsan.inventory.interfaces.ReportInterfacecom.rafsan.inventory.interfaces.SaleInterface,com.rafsan.inventory.controller.sales.SalesControllercom.rafsan.inventory.controller.admin.AdminControllercom.rafsan.inventory.entity.Employee,com.rafsan.inventory.model.SalesModel,com.rafsan.inventory.entity.Sale,com.rafsan.inventory.dao.EmployeeDao,com.rafsan.inventory.model.EmployeeModel,com.rafsan.inventory.dao.SaleDao,com.rafsan.inventory.entity.Invoicecom.rafsan.inventory.dao.InvoiceDao,com.rafsan.inventory.model.InvoiceModelcom.rafsan.inventory.entity.Payment
com.rafsan.inventory.controller.supplier.AddController,com.rafsan.inventory.controller.supplier.EditController,com.rafsan.inventory.controller.supplier.SupplierController,com.rafsan.inventory.interfaces.SupplierInterfacecom.rafsan.inventory.controller.category.EditController,com.rafsan.inventory.controller.category.CategoryController,com.rafsan.inventory.interfaces.CategoryInterface,com.rafsan.inventory.controller.category.AddControllercom.rafsan.inventory.controller.pos.InvoiceController,com.rafsan.inventory.controller.pos.PosController,com.rafsan.inventory.controller.pos.ConfirmControllercom.rafsan.inventory.controller.admin.AdminControllercom.rafsan.inventory.dao.InvoiceDao,com.rafsan.inventory.model.InvoiceModelcom.rafsan.inventory.entity.Paymentcom.rafsan.inventory.entity.Itemcom.rafsan.inventory.MainApp,com.rafsan.inventory.HibernateUtil
com.rafsan.inventory.controller.product.AddController,com.rafsan.inventory.interfaces.ProductInterface,com.rafsan.inventory.controller.product.ProductController,com.rafsan.inventory.controller.product.EditControllercom.rafsan.inventory.controller.supplier.AddController,com.rafsan.inventory.controller.supplier.EditController,com.rafsan.inventory.controller.supplier.SupplierController,com.rafsan.inventory.interfaces.SupplierInterfacecom.rafsan.inventory.controller.category.EditController,com.rafsan.inventory.controller.category.CategoryController,com.rafsan.inventory.interfaces.CategoryInterface,com.rafsan.inventory.controller.category.AddControllercom.rafsan.inventory.controller.pos.InvoiceController,com.rafsan.inventory.controller.pos.PosController,com.rafsan.inventory.controller.pos.ConfirmControllercom.rafsan.inventory.controller.purchase.AddController,com.rafsan.inventory.controller.purchase.PurchaseController,com.rafsan.inventory.interfaces.PurchaseInterfacecom.rafsan.inventory.controller.admin.AdminControllercom.rafsan.inventory.dao.ProductDao,com.rafsan.inventory.model.SupplierModel,com.rafsan.inventory.model.ProductModel,com.rafsan.inventory.dao.SupplierDao,com.rafsan.inventory.dao.PurchaseDao,com.rafsan.inventory.entity.Product,com.rafsan.inventory.entity.Supplier,com.rafsan.inventory.model.PurchaseModel,com.rafsan.inventory.entity.Purchase,com.rafsan.inventory.entity.Category,com.rafsan.inventory.model.CategoryModel,com.rafsan.inventory.dao.CategoryDaocom.rafsan.inventory.dao.InvoiceDao,com.rafsan.inventory.model.InvoiceModelcom.rafsan.inventory.entity.Paymentcom.rafsan.inventory.MainApp,com.rafsan.inventory.HibernateUtil
com.rafsan.inventory.interfaces.EmployeeInterface,com.rafsan.inventory.controller.employee.AddController,com.rafsan.inventory.controller.employee.EmployeeController,com.rafsan.inventory.controller.employee.EditControllercom.rafsan.inventory.controller.report.ReportController,com.rafsan.inventory.controller.report.ViewController,com.rafsan.inventory.interfaces.ReportInterfacecom.rafsan.inventory.interfaces.SaleInterface,com.rafsan.inventory.controller.sales.SalesControllercom.rafsan.inventory.controller.admin.AdminControllercom.rafsan.inventory.entity.Employee,com.rafsan.inventory.model.SalesModel,com.rafsan.inventory.entity.Sale,com.rafsan.inventory.dao.EmployeeDao,com.rafsan.inventory.model.EmployeeModel,com.rafsan.inventory.dao.SaleDao,com.rafsan.inventory.entity.Invoicecom.rafsan.inventory.dao.InvoiceDao,com.rafsan.inventory.model.InvoiceModelcom.rafsan.inventory.entity.Payment
com.rafsan.inventory.interfaces.EmployeeInterface,com.rafsan.inventory.controller.employee.AddController,com.rafsan.inventory.controller.employee.EmployeeController,com.rafsan.inventory.controller.employee.EditControllercom.rafsan.inventory.controller.report.ReportController,com.rafsan.inventory.controller.report.ViewController,com.rafsan.inventory.interfaces.ReportInterfacecom.rafsan.inventory.interfaces.SaleInterface,com.rafsan.inventory.controller.sales.SalesControllercom.rafsan.inventory.controller.admin.AdminControllercom.rafsan.inventory.entity.Employee,com.rafsan.inventory.model.SalesModel,com.rafsan.inventory.entity.Sale,com.rafsan.inventory.dao.EmployeeDao,com.rafsan.inventory.model.EmployeeModel,com.rafsan.inventory.dao.SaleDao,com.rafsan.inventory.entity.Invoicecom.rafsan.inventory.dao.InvoiceDao,com.rafsan.inventory.model.InvoiceModelcom.rafsan.inventory.entity.Paymentcom.rafsan.inventory.entity.Item
com.rafsan.inventory.controller.supplier.AddController,com.rafsan.inventory.controller.supplier.EditController,com.rafsan.inventory.controller.supplier.SupplierController,com.rafsan.inventory.interfaces.SupplierInterfacecom.rafsan.inventory.controller.category.EditController,com.rafsan.inventory.controller.category.CategoryController,com.rafsan.inventory.interfaces.CategoryInterface,com.rafsan.inventory.controller.category.AddControllercom.rafsan.inventory.controller.pos.InvoiceController,com.rafsan.inventory.controller.pos.PosController,com.rafsan.inventory.controller.pos.ConfirmControllercom.rafsan.inventory.controller.admin.AdminControllercom.rafsan.inventory.dao.InvoiceDao,com.rafsan.inventory.model.InvoiceModelcom.rafsan.inventory.entity.Paymentcom.rafsan.inventory.entity.Itemcom.rafsan.inventory.MainApp,com.rafsan.inventory.HibernateUtil
com.rafsan.inventory.interfaces.EmployeeInterface,com.rafsan.inventory.controller.employee.AddController,com.rafsan.inventory.controller.employee.EmployeeController,com.rafsan.inventory.controller.employee.EditControllercom.rafsan.inventory.controller.report.ReportController,com.rafsan.inventory.controller.report.ViewController,com.rafsan.inventory.interfaces.ReportInterfacecom.rafsan.inventory.interfaces.SaleInterface,com.rafsan.inventory.controller.sales.SalesControllercom.rafsan.inventory.controller.admin.AdminControllercom.rafsan.inventory.entity.Employee,com.rafsan.inventory.model.SalesModel,com.rafsan.inventory.entity.Sale,com.rafsan.inventory.dao.EmployeeDao,com.rafsan.inventory.model.EmployeeModel,com.rafsan.inventory.dao.SaleDao,com.rafsan.inventory.entity.Invoicecom.rafsan.inventory.dao.InvoiceDao,com.rafsan.inventory.model.InvoiceModelcom.rafsan.inventory.entity.Paymentcom.rafsan.inventory.entity.Item
com.rafsan.inventory.controller.supplier.AddController,com.rafsan.inventory.controller.supplier.EditController,com.rafsan.inventory.controller.supplier.SupplierController,com.rafsan.inventory.interfaces.SupplierInterfacecom.rafsan.inventory.controller.category.EditController,com.rafsan.inventory.controller.category.CategoryController,com.rafsan.inventory.interfaces.CategoryInterface,com.rafsan.inventory.controller.category.AddControllercom.rafsan.inventory.controller.pos.InvoiceController,com.rafsan.inventory.controller.pos.PosController,com.rafsan.inventory.controller.pos.ConfirmControllercom.rafsan.inventory.interfaces.SaleInterface,com.rafsan.inventory.controller.sales.SalesControllercom.rafsan.inventory.controller.admin.AdminControllercom.rafsan.inventory.dao.InvoiceDao,com.rafsan.inventory.model.InvoiceModelcom.rafsan.inventory.entity.Paymentcom.rafsan.inventory.entity.Itemcom.rafsan.inventory.MainApp,com.rafsan.inventory.HibernateUtil
com.rafsan.inventory.interfaces.EmployeeInterface,com.rafsan.inventory.controller.employee.AddController,com.rafsan.inventory.controller.employee.EmployeeController,com.rafsan.inventory.controller.employee.EditControllercom.rafsan.inventory.controller.report.ReportController,com.rafsan.inventory.controller.report.ViewController,com.rafsan.inventory.interfaces.ReportInterfacecom.rafsan.inventory.interfaces.SaleInterface,com.rafsan.inventory.controller.sales.SalesControllercom.rafsan.inventory.controller.admin.AdminControllercom.rafsan.inventory.entity.Employee,com.rafsan.inventory.model.SalesModel,com.rafsan.inventory.entity.Sale,com.rafsan.inventory.dao.EmployeeDao,com.rafsan.inventory.model.EmployeeModel,com.rafsan.inventory.dao.SaleDao,com.rafsan.inventory.entity.Invoicecom.rafsan.inventory.dao.InvoiceDao,com.rafsan.inventory.model.InvoiceModelcom.rafsan.inventory.entity.Paymentcom.rafsan.inventory.entity.Itemcom.rafsan.inventory.MainApp,com.rafsan.inventory.HibernateUtil
com.rafsan.inventory.interfaces.EmployeeInterface,com.rafsan.inventory.controller.employee.AddController,com.rafsan.inventory.controller.employee.EmployeeController,com.rafsan.inventory.controller.employee.EditControllercom.rafsan.inventory.controller.report.ReportController,com.rafsan.inventory.controller.report.ViewController,com.rafsan.inventory.interfaces.ReportInterfacecom.rafsan.inventory.interfaces.SaleInterface,com.rafsan.inventory.controller.sales.SalesControllercom.rafsan.inventory.controller.admin.AdminControllercom.rafsan.inventory.entity.Employee,com.rafsan.inventory.model.SalesModel,com.rafsan.inventory.entity.Sale,com.rafsan.inventory.dao.EmployeeDao,com.rafsan.inventory.model.EmployeeModel,com.rafsan.inventory.dao.SaleDao,com.rafsan.inventory.entity.Invoicecom.rafsan.inventory.dao.InvoiceDao,com.rafsan.inventory.model.InvoiceModelcom.rafsan.inventory.entity.Paymentcom.rafsan.inventory.entity.Itemcom.rafsan.inventory.MainApp,com.rafsan.inventory.HibernateUtil
com.rafsan.inventory.controller.supplier.AddController,com.rafsan.inventory.controller.supplier.EditController,com.rafsan.inventory.controller.supplier.SupplierController,com.rafsan.inventory.interfaces.SupplierInterfacecom.rafsan.inventory.controller.category.EditController,com.rafsan.inventory.controller.category.CategoryController,com.rafsan.inventory.interfaces.CategoryInterface,com.rafsan.inventory.controller.category.AddControllercom.rafsan.inventory.controller.pos.InvoiceController,com.rafsan.inventory.controller.pos.PosController,com.rafsan.inventory.controller.pos.ConfirmControllercom.rafsan.inventory.interfaces.SaleInterface,com.rafsan.inventory.controller.sales.SalesControllercom.rafsan.inventory.controller.admin.AdminControllercom.rafsan.inventory.dao.InvoiceDao,com.rafsan.inventory.model.InvoiceModelcom.rafsan.inventory.entity.Paymentcom.rafsan.inventory.entity.Itemcom.rafsan.inventory.MainApp,com.rafsan.inventory.HibernateUtil
