attachmentrepository,attachmentservice,downloadattachmentrule,attachment,attachmentextension,attachmentextensiongroup,attachmentquota,attachedfile,extends,extendsannotationinterceptor,imageutils,repository
avatarservice,avataradmincontroller,avatar,avatartype,avatardaotestcase,avatarrepository,repository,hibernategenericdao,uploadutils,imageinfo,validationexception
categoryservice,categoryadmincontroller,categoryeventlistener,emptycategoryevent,emptyrule,event,abstractlistener,category,categoryrepository,categorydaotestcase,repository,hibernategenericdao,displaycategoriestag,categoryordercomparator,newcategorygrouppermissionsevent,validationexception
configservice,configcontroller,config,vraptorcustompathresolver,configkeys,jforumconfig,i18n,i18ntag,urlbuilder,urltag,templateresourcetag,settingstag,configdaotestcase
forumservice,forumcontroller,forumadmincontroller,forumadminextension,emptyforumevent,forumeventlistener,accessforumrule,emptyrule,event,forumpostevent,forumtopicevent,abstractlistener,forum,forumstats,forumrepository,repository,hibernategenericdao,displayforumstag,extends,extendsannotationinterceptor,newforumgrouppermissionsevent,accessforumrule,forumexception,validationexception,forumdaotestcase,forumtestcase
groupservice,groupadmincontroller,group,grouprepository,grouptestcase,groupdaotestcase,repository,hibernategenericdao,groupinteractionfilter,newcategorygrouppermissionsevent,newforumgrouppermissionsevent,validationexception
messageformatservice,postformatters,formatter,safehtmlattributesformatter,safehtmltagsformatter,smiliesformatter,htmlentitiesformatter,newlinetohtmlbreakformatter,displayformattedmessagetag,formatsignaturetag,safehtml
moderationlogservice,moderationlog,moderationlogtype,moderationlogrepository,repository,hibernategenericdao
moderationservice,moderationrule,moderationcontroller,moderationlogservice,approveinfo
mostuserseveronlineservice,mostuserseveronline
pollservice,polloption,pollvoter,pollrepository,repository,hibernategenericdao,pollchanges
postservice,postservicetestcase,changepostrule,posteditinterceptor,postcontroller,postcontrollertestcase,emptypostevent,postevent,emptyrule,event,forumpostevent,topicpostevent,topicposteventtestcase,postrepository,repository,hibernategenericdao,postformatters,postformoptions,postoptions
privatemessageservice,privatemessagecontroller,privatemessageenabledrule,privatemessageownerrule,privatemessage,privatemessagerepository,privatemessagetype,privatemessagedaotestcase,repository,hibernategenericdao,validationexception
rssservice,rsscontroller,rssrepository,rssdaotestcase,repository,hibernategenericdao
rankingservice,rankingadmincontroller,ranking,rankingrepository,rankingdaotestcase,repository,hibernategenericdao,functions,validationexception
smilieservice,smilieadmincontroller,smilie,smilierepository,repository,hibernategenericdao,smiliesformatter,smiliedaotestcase,validationexception
topicservice,topicdaotestcase,createnewtopicrule,replytopicrule,topicfilter,emptytopicevent,topiceventlistener,topiccontroller,topiccontrollertestcase,emptyrule,event,topicpostevent,topicservicetestcase,topicreplyevent,forumtopicevent,abstractlistener,topic,topicrepository,topictestcase,repository,hibernategenericdao
topicwatchservice,topicwatchextension,topicwatchtopicevent,event,topicwatchpostevent,forumwatch,topicwatch,topicwatchdaotestcase,topicwatchrepository,repository,hibernategenericdao,extends,extendsannotationinterceptor
userservice,edituserrule,user,userrepository,repository,hibernategenericdao,useradmincontroller,usercontroller,userdaotestcase,pagination,validationexception
authenticatedrule,lostpasswordservice,defaultloginauthenticator,loginauthenticator,lostpasswordspammer
accessrule,accessforumrule,accessruleexception
administrationrule,admincontroller,hibernatestatisticscontroller,domain
rolemanager,role,role,rolemanagerfactorybean,rolemanagertestcase
sessionmanager,sessionmanagerinterceptor,abstractlistener,session,sessionrepository,sessiondaotestcase,repository
usersessionlistener,usersession,usersessiontestcase,hibernategenericdao
securityinterceptor,methodsecurityinterceptor,controllersecurityinterceptor,securityconstraint,securityconstants
badwordadmincontroller,badwordevent,event,badword,badwordrepository,badworddaotestcase,repository,hibernategenericdao
banlistadmincontroller,banlist,banlistrepository,banlistdaotestcase,repository,hibernategenericdao
sessionfactorycreator,springinterceptor,springsessionfactory,vraptorspringprovider
luceneadmincontroller
messagecontroller,messageid,md5,urlbuilder,urltag
themecontroller,theme,themerepository,repository,hibernategenericdao
searchcontroller,searchresult,searchparams,searchparamstest,searchmatchtype,searchsort,searchsorttype,searchrepository,repository,hibernategenericdao,paginatedresult
jforumexecutioncontext,jforumconfig,jforumtag
recenttopicscontroller,recenttopicsrepository,recenttopicsdaotestcase,repository,hibernategenericdao
postreportcontroller,postreportcounteroperation,requestoperation,requestoperationchain,postreport,postreportstatus,postreportrepository,postreportdaotestcase,repository,hibernategenericdao
forumlimitedtime,forumlimitedtimerepository,repository,hibernategenericdao
querycache,querycachefactory,cacheevictionrules
remoteusersso,ssoutils,sso
EmptyCacheProvider,EmptyCache
spammer,spammerfactory,spammertaskexecutor,lostpasswordspammer,activationkeyspammer,topicreplyspammer,privatemessagespammer
bbconfigformatter,bbcode,bbcodeconfigparser
actions,actionutils,actionextension,actionextensionmanager,extends,extendsannotationinterceptor
identifiablemimemessage,emailsendertask,mailexception
importfiletag,importresponsewrapper
