net.jforum.actions.interceptors.SessionManagerInterceptor,net.jforum.security.DownloadAttachmentRule,net.jforum.security.AuthenticatedRule,net.jforum.controllers.MessageController,net.jforum.plugins.post.PostEditInterceptor,net.jforum.controllers.PrivateMessageController,net.jforum.services.ModerationService,net.jforum.services.TopicService,net.jforum.services.PrivateMessageService,net.jforum.security.RoleManager,net.jforum.controllers.GroupAdminController,net.jforum.security.EmptyRule,net.jforum.security.AccessForumRule,net.jforum.services.ForumService,net.jforum.services.AttachmentService,net.jforum.security.ModerationRule,net.jforum.core.SessionManager,net.jforum.controllers.PostController,net.jforum.controllers.ForumAdminController,net.jforum.services.PollService,net.jforum.controllers.TopicController,net.jforum.services.ModerationLogService,net.jforum.security.PrivateMessageOwnerRule,net.jforum.security.ReplyTopicRule,net.jforum.security.EditUserRule,net.jforum.core.UserSessionListener,net.jforum.security.ChangePostRule,net.jforum.controllers.ForumController,net.jforum.controllers.PostReportController,net.jforum.security.AccessRule,net.jforum.security.CreateNewTopicRule,net.jforum.controllers.ModerationController,net.jforum.services.PostService,net.jforum.security.PrivateMessageEnabledRule,net.jforum.plugins.post.ForumAdminExtension,net.jforum.extensions.RequestOperation,net.jforum.services.GroupService,net.jforum.security.AdministrationRule,net.jforum.services.MostUsersEverOnlineService,net.jforum.extensions.PostReportCounterOperationnet.jforum.repository.GroupRepositorynet.jforum.plugins.post.ForumLimitedTimeRepositorynet.jforum.repository.SessionRepositorynet.jforum.repository.PostRepositorynet.jforum.entities.MostUsersEverOnlinenet.jforum.entities.Confignet.jforum.entities.ForumWatchnet.jforum.repository.ConfigRepositorynet.jforum.repository.SmilieRepositorynet.jforum.repository.PostReportRepositorynet.jforum.repository.PollRepositorynet.jforum.entities.AttachmentExtension,net.jforum.entities.AttachmentExtensionGroupnet.jforum.entities.Banlistnet.jforum.repository.ModerationLogRepositorynet.jforum.repository.RankingRepositorynet.jforum.util.mail.EmailSenderTask,net.jforum.formatters.HtmlEntitiesFormatter,net.jforum.formatters.NewLineToHtmlBreakFormatter,net.jforum.sso.SSO,net.jforum.formatters.SafeHtmlAttributesFormatter,net.jforum.controllers.UserController,net.jforum.util.mail.Spammer,net.jforum.formatters.BBConfigFormatter,net.jforum.util.JForumConfig,net.jforum.util.mail.PrivateMessageSpammer,net.jforum.core.exceptions.ForumException,net.jforum.util.mail.TopicReplySpammer,net.jforum.util.ImageUtils,net.jforum.util.mail.LostPasswordSpammer,net.jforum.core.exceptions.MailException,net.jforum.util.mail.IdentifiableMimeMessage,net.jforum.sso.RemoteUserSSO,net.jforum.util.I18n,net.jforum.util.mail.SpammerFactory,net.jforum.controllers.UserAdminController,net.jforum.util.mail.ActivationKeySpammer,net.jforum.formatters.SmiliesFormatter,net.jforum.formatters.SafeHtmlTagsFormatter,net.jforum.formatters.Formatter,net.jforum.formatters.PostOptions,net.jforum.util.SafeHtml,net.jforum.formatters.BBCodenet.jforum.controllers.AdminControllernet.jforum.core.support.spring.RoleManagerFactoryBeannet.jforum.core.tags.Functionsnet.jforum.util.mail.MessageIdnet.jforum.sso.SSOUtilsnet.jforum.util.CategoryOrderComparatornet.jforum.core.tags.DisplayCategoriesTag,net.jforum.core.tags.FormatSignatureTag,net.jforum.core.tags.ImportFileTag,net.jforum.core.tags.TemplateResourceTag,net.jforum.core.tags.I18nTag,net.jforum.core.tags.JForumTag,net.jforum.core.tags.DisplayForumsTag,net.jforum.core.tags.URLTag,net.jforum.core.tags.DisplayFormattedMessageTag,net.jforum.core.tags.SettingsTag,net.jforum.formatters.PostFormatters,net.jforum.core.tags.ImportResponseWrappernet.jforum.util.GroupInteractionFilternet.jforum.actions.helpers.AttachedFile,net.jforum.util.UploadUtilsnet.jforum.actions.helpers.PostFormOptions,net.jforum.actions.helpers.ActionUtilsnet.jforum.core.exceptions.ValidationExceptionnet.jforum.actions.helpers.ApproveInfonet.jforum.util.URLBuilder
net.jforum.controllers.ThemeControllernet.jforum.repository.ThemeRepository
net.jforum.core.events.post.ForumPostEvent,net.jforum.core.events.post.TopicPostEvent,net.jforum.core.events.post.TopicWatchPostEvent,net.jforum.core.events.post.TopicReplyEvent,net.jforum.actions.extensions.TopicWatchExtension,net.jforum.events.EmptyPostEvent,net.jforum.core.events.post.BadWordEvent,net.jforum.services.TopicWatchServicenet.jforum.entities.PostReportStatus,net.jforum.repository.PrivateMessageRepository,net.jforum.entities.Forum,net.jforum.entities.Topic,net.jforum.entities.Poll,net.jforum.entities.Avatar,net.jforum.entities.PollVoter,net.jforum.entities.Post,net.jforum.entities.Group,net.jforum.entities.Category,net.jforum.entities.User,net.jforum.repository.TopicRepository,net.jforum.plugins.post.ForumLimitedTime,net.jforum.entities.PrivateMessage,net.jforum.repository.ForumRepository,net.jforum.repository.CategoryRepository,net.jforum.repository.RSSRepository,net.jforum.entities.util.Pagination,net.jforum.entities.PollOption,net.jforum.repository.UserRepository,net.jforum.entities.UserSession,net.jforum.entities.ForumStats,net.jforum.entities.PostReport,net.jforum.entities.Role,net.jforum.entities.Theme,net.jforum.entities.ModerationLog,net.jforum.entities.Attachment,net.jforum.entities.Session,net.jforum.entities.AvatarType,net.jforum.entities.Ranking,net.jforum.entities.TopicWatchnet.jforum.repository.BadWordRepositorynet.jforum.entities.BadWordnet.jforum.repository.TopicWatchRepositorynet.jforum.util.mail.SpammerTaskExecutor
net.jforum.services.MessageFormatService
net.jforum.controllers.SearchControllernet.jforum.entities.util.SearchParams,net.jforum.entities.util.SearchSort,net.jforum.entities.util.SearchMatchType,net.jforum.repository.SearchRepository,net.jforum.entities.util.SearchSortType
net.jforum.controllers.LuceneAdminController
net.jforum.core.VRaptorCustomPathResolver
net.jforum.controllers.BadWordAdminControllernet.jforum.repository.BadWordRepository
net.jforum.core.events.topic.ForumTopicEvent,net.jforum.events.EmptyTopicEvent,net.jforum.core.events.topic.TopicWatchTopicEventnet.jforum.repository.TopicWatchRepository
net.jforum.actions.interceptors.SecurityInterceptor,net.jforum.actions.interceptors.MethodSecurityInterceptor,net.jforum.actions.interceptors.ControllerSecurityInterceptor
net.jforum.controllers.AvatarAdminController,net.jforum.services.UserService,net.jforum.services.AvatarServicenet.jforum.entities.PostReportStatus,net.jforum.repository.PrivateMessageRepository,net.jforum.entities.Forum,net.jforum.entities.Topic,net.jforum.entities.Poll,net.jforum.entities.Avatar,net.jforum.entities.PollVoter,net.jforum.entities.Post,net.jforum.entities.Group,net.jforum.entities.Category,net.jforum.entities.User,net.jforum.repository.TopicRepository,net.jforum.plugins.post.ForumLimitedTime,net.jforum.entities.PrivateMessage,net.jforum.repository.ForumRepository,net.jforum.repository.CategoryRepository,net.jforum.repository.RSSRepository,net.jforum.entities.util.Pagination,net.jforum.entities.PollOption,net.jforum.repository.UserRepository,net.jforum.entities.UserSession,net.jforum.entities.ForumStats,net.jforum.entities.PostReport,net.jforum.entities.Role,net.jforum.entities.Theme,net.jforum.entities.ModerationLog,net.jforum.entities.Attachment,net.jforum.entities.Session,net.jforum.entities.AvatarType,net.jforum.entities.Ranking,net.jforum.entities.TopicWatchnet.jforum.repository.AvatarRepositorynet.jforum.util.mail.EmailSenderTask,net.jforum.formatters.HtmlEntitiesFormatter,net.jforum.formatters.NewLineToHtmlBreakFormatter,net.jforum.sso.SSO,net.jforum.formatters.SafeHtmlAttributesFormatter,net.jforum.controllers.UserController,net.jforum.util.mail.Spammer,net.jforum.formatters.BBConfigFormatter,net.jforum.util.JForumConfig,net.jforum.util.mail.PrivateMessageSpammer,net.jforum.core.exceptions.ForumException,net.jforum.util.mail.TopicReplySpammer,net.jforum.util.ImageUtils,net.jforum.util.mail.LostPasswordSpammer,net.jforum.core.exceptions.MailException,net.jforum.util.mail.IdentifiableMimeMessage,net.jforum.sso.RemoteUserSSO,net.jforum.util.I18n,net.jforum.util.mail.SpammerFactory,net.jforum.controllers.UserAdminController,net.jforum.util.mail.ActivationKeySpammer,net.jforum.formatters.SmiliesFormatter,net.jforum.formatters.SafeHtmlTagsFormatter,net.jforum.formatters.Formatter,net.jforum.formatters.PostOptions,net.jforum.util.SafeHtml,net.jforum.formatters.BBCodenet.jforum.util.MD5net.jforum.sso.DefaultLoginAuthenticator,net.jforum.sso.LoginAuthenticatornet.jforum.core.exceptions.ValidationExceptionnet.jforum.util.ImageInfo
net.jforum.controllers.RankingAdminController,net.jforum.services.RankingServicenet.jforum.controllers.CategoryAdminController,net.jforum.services.CategoryServicenet.jforum.entities.ForumWatchnet.jforum.entities.AttachmentExtension,net.jforum.entities.AttachmentExtensionGroupnet.jforum.entities.Banlistnet.jforum.repository.RankingRepositorynet.jforum.core.tags.Functionsnet.jforum.util.mail.MessageIdnet.jforum.util.CategoryOrderComparator
net.jforum.controllers.SmilieAdminController,net.jforum.services.SmilieServicenet.jforum.entities.Smilie
net.jforum.controllers.RSSController,net.jforum.services.RSSServicenet.jforum.util.mail.EmailSenderTask,net.jforum.formatters.HtmlEntitiesFormatter,net.jforum.formatters.NewLineToHtmlBreakFormatter,net.jforum.sso.SSO,net.jforum.formatters.SafeHtmlAttributesFormatter,net.jforum.controllers.UserController,net.jforum.util.mail.Spammer,net.jforum.formatters.BBConfigFormatter,net.jforum.util.JForumConfig,net.jforum.util.mail.PrivateMessageSpammer,net.jforum.core.exceptions.ForumException,net.jforum.util.mail.TopicReplySpammer,net.jforum.util.ImageUtils,net.jforum.util.mail.LostPasswordSpammer,net.jforum.core.exceptions.MailException,net.jforum.util.mail.IdentifiableMimeMessage,net.jforum.sso.RemoteUserSSO,net.jforum.util.I18n,net.jforum.util.mail.SpammerFactory,net.jforum.controllers.UserAdminController,net.jforum.util.mail.ActivationKeySpammer,net.jforum.formatters.SmiliesFormatter,net.jforum.formatters.SafeHtmlTagsFormatter,net.jforum.formatters.Formatter,net.jforum.formatters.PostOptions,net.jforum.util.SafeHtml,net.jforum.formatters.BBCode
net.jforum.actions.interceptors.ExtendsAnnotationInterceptor,net.jforum.extensions.ActionExtensionManager
net.jforum.core.support.hibernate.SpringInterceptor,net.jforum.core.support.hibernate.SpringSessionFactory
net.jforum.services.ConfigService,net.jforum.controllers.ConfigControllernet.jforum.entities.Confignet.jforum.repository.ConfigRepositorynet.jforum.util.mail.EmailSenderTask,net.jforum.formatters.HtmlEntitiesFormatter,net.jforum.formatters.NewLineToHtmlBreakFormatter,net.jforum.sso.SSO,net.jforum.formatters.SafeHtmlAttributesFormatter,net.jforum.controllers.UserController,net.jforum.util.mail.Spammer,net.jforum.formatters.BBConfigFormatter,net.jforum.util.JForumConfig,net.jforum.util.mail.PrivateMessageSpammer,net.jforum.core.exceptions.ForumException,net.jforum.util.mail.TopicReplySpammer,net.jforum.util.ImageUtils,net.jforum.util.mail.LostPasswordSpammer,net.jforum.core.exceptions.MailException,net.jforum.util.mail.IdentifiableMimeMessage,net.jforum.sso.RemoteUserSSO,net.jforum.util.I18n,net.jforum.util.mail.SpammerFactory,net.jforum.controllers.UserAdminController,net.jforum.util.mail.ActivationKeySpammer,net.jforum.formatters.SmiliesFormatter,net.jforum.formatters.SafeHtmlTagsFormatter,net.jforum.formatters.Formatter,net.jforum.formatters.PostOptions,net.jforum.util.SafeHtml,net.jforum.formatters.BBCode
net.jforum.security.TopicFilter,net.jforum.controllers.RecentTopicsControllernet.jforum.repository.RecentTopicsRepository
net.jforum.core.support.hibernate.CacheEvictionRules
net.jforum.services.LostPasswordService
net.jforum.events.EmptyForumEventnet.jforum.core.events.forum.NewForumGroupPermissionsEvent
net.jforum.events.EmptyCategoryEventnet.jforum.core.events.category.NewCategoryGroupPermissionsEvent
net.jforum.controllers.BanlistAdminControllernet.jforum.repository.BanlistRepository
