net.jforum.controllers.ForumController,net.jforum.security.ReplyTopicRule,net.jforum.controllers.PostController,net.jforum.controllers.TopicController,net.jforum.security.CreateNewTopicRule,net.jforum.plugins.post.PostEditInterceptor,net.jforum.security.RoleManager,net.jforum.core.SessionManager,net.jforum.services.GroupService,net.jforum.services.ModerationLogService,net.jforum.security.ChangePostRule,net.jforum.controllers.MessageController,net.jforum.actions.interceptors.SessionManagerInterceptor,net.jforum.plugins.post.ForumAdminExtension,net.jforum.controllers.GroupAdminController,net.jforum.services.ModerationService,net.jforum.security.DownloadAttachmentRule,net.jforum.services.MostUsersEverOnlineService,net.jforum.security.AdministrationRule,net.jforum.core.UserSessionListener,net.jforum.controllers.PostReportController,net.jforum.controllers.ModerationControllernet.jforum.security.AuthenticatedRule,net.jforum.actions.interceptors.SecurityInterceptor,net.jforum.actions.interceptors.MethodSecurityInterceptor,net.jforum.actions.interceptors.ControllerSecurityInterceptor,net.jforum.security.ModerationRule,net.jforum.security.AccessForumRule,net.jforum.security.EmptyRule,net.jforum.security.PrivateMessageEnabledRule,net.jforum.security.EditUserRule,net.jforum.security.AccessRule,net.jforum.security.PrivateMessageOwnerRulenet.jforum.entities.PrivateMessage,net.jforum.entities.Post,net.jforum.entities.Poll,net.jforum.entities.PostReportStatus,net.jforum.repository.UserRepository,net.jforum.repository.TopicRepository,net.jforum.entities.PostReport,net.jforum.entities.ModerationLog,net.jforum.entities.PollOption,net.jforum.entities.Topic,net.jforum.entities.User,net.jforum.entities.PollVoter,net.jforum.entities.TopicWatch,net.jforum.entities.Attachment,net.jforum.repository.PrivateMessageRepository,net.jforum.entities.Ranking,net.jforum.entities.util.Paginationnet.jforum.plugins.post.ForumLimitedTimeRepositorynet.jforum.repository.SmilieRepositorynet.jforum.repository.PostReportRepositorynet.jforum.repository.GroupRepositorynet.jforum.entities.MostUsersEverOnlinenet.jforum.entities.Banlistnet.jforum.repository.PostRepositorynet.jforum.repository.SessionRepositorynet.jforum.repository.PollRepositorynet.jforum.repository.ModerationLogRepositorynet.jforum.repository.ConfigRepositorynet.jforum.entities.Confignet.jforum.entities.ForumWatchnet.jforum.entities.Category,net.jforum.repository.CategoryRepository,net.jforum.entities.Themenet.jforum.entities.AttachmentExtensionGroup,net.jforum.entities.AttachmentExtensionnet.jforum.entities.ForumStats,net.jforum.repository.ForumRepositorynet.jforum.entities.Role,net.jforum.entities.Groupnet.jforum.repository.RankingRepositorynet.jforum.util.mail.ActivationKeySpammer,net.jforum.util.I18n,net.jforum.util.mail.TopicReplySpammer,net.jforum.util.mail.PrivateMessageSpammer,net.jforum.controllers.UserAdminController,net.jforum.controllers.UserController,net.jforum.util.mail.SpammerFactory,net.jforum.core.tags.ImportFileTag,net.jforum.core.tags.ImportResponseWrapper,net.jforum.util.JForumConfignet.jforum.core.exceptions.ForumException,net.jforum.util.ImageUtilsnet.jforum.util.URLBuildernet.jforum.util.CategoryOrderComparatornet.jforum.util.GroupInteractionFilternet.jforum.controllers.AdminControllernet.jforum.core.tags.JForumTag,net.jforum.core.tags.TemplateResourceTag,net.jforum.core.tags.URLTag,net.jforum.core.tags.DisplayFormattedMessageTag,net.jforum.core.tags.DisplayForumsTag,net.jforum.core.tags.SettingsTag,net.jforum.core.tags.I18nTag,net.jforum.formatters.PostFormatters,net.jforum.core.tags.FormatSignatureTag,net.jforum.core.tags.DisplayCategoriesTagnet.jforum.core.support.spring.RoleManagerFactoryBeannet.jforum.core.tags.Functionsnet.jforum.actions.helpers.ApproveInfonet.jforum.sso.SSOUtilsnet.jforum.util.mail.MessageIdnet.jforum.formatters.Formatter,net.jforum.formatters.SafeHtmlTagsFormatter,net.jforum.util.SafeHtml,net.jforum.formatters.SafeHtmlAttributesFormatter,net.jforum.formatters.HtmlEntitiesFormatter,net.jforum.formatters.NewLineToHtmlBreakFormatternet.jforum.util.mail.LostPasswordSpammer,net.jforum.core.exceptions.MailException,net.jforum.util.mail.IdentifiableMimeMessage,net.jforum.util.mail.EmailSenderTask,net.jforum.util.mail.Spammernet.jforum.formatters.PostOptions,net.jforum.formatters.SmiliesFormatternet.jforum.sso.RemoteUserSSO,net.jforum.sso.SSOnet.jforum.formatters.BBConfigFormatter,net.jforum.formatters.BBCodenet.jforum.actions.helpers.PostFormOptions,net.jforum.actions.helpers.ActionUtils
net.jforum.controllers.BanlistAdminControllernet.jforum.repository.BanlistRepository
net.jforum.events.EmptyCategoryEventnet.jforum.core.events.category.NewCategoryGroupPermissionsEvent
net.jforum.controllers.ForumController,net.jforum.security.ReplyTopicRule,net.jforum.controllers.PostController,net.jforum.controllers.TopicController,net.jforum.security.CreateNewTopicRule,net.jforum.plugins.post.PostEditInterceptor,net.jforum.security.RoleManager,net.jforum.core.SessionManager,net.jforum.services.GroupService,net.jforum.services.ModerationLogService,net.jforum.security.ChangePostRule,net.jforum.controllers.MessageController,net.jforum.actions.interceptors.SessionManagerInterceptor,net.jforum.plugins.post.ForumAdminExtension,net.jforum.controllers.GroupAdminController,net.jforum.services.ModerationService,net.jforum.security.DownloadAttachmentRule,net.jforum.services.MostUsersEverOnlineService,net.jforum.security.AdministrationRule,net.jforum.core.UserSessionListener,net.jforum.controllers.PostReportController,net.jforum.controllers.ModerationControllernet.jforum.security.AuthenticatedRule,net.jforum.actions.interceptors.SecurityInterceptor,net.jforum.actions.interceptors.MethodSecurityInterceptor,net.jforum.actions.interceptors.ControllerSecurityInterceptor,net.jforum.security.ModerationRule,net.jforum.security.AccessForumRule,net.jforum.security.EmptyRule,net.jforum.security.PrivateMessageEnabledRule,net.jforum.security.EditUserRule,net.jforum.security.AccessRule,net.jforum.security.PrivateMessageOwnerRule
net.jforum.controllers.SearchControllernet.jforum.repository.SearchRepository,net.jforum.entities.util.SearchParams,net.jforum.entities.util.SearchMatchType,net.jforum.entities.util.SearchSort,net.jforum.entities.util.SearchSortType
net.jforum.core.support.hibernate.CacheEvictionRules
net.jforum.controllers.BadWordAdminControllernet.jforum.repository.BadWordRepository
net.jforum.core.VRaptorCustomPathResolver
net.jforum.controllers.ThemeControllernet.jforum.repository.ThemeRepository
net.jforum.services.LostPasswordService
net.jforum.controllers.LuceneAdminController
net.jforum.extensions.PostReportCounterOperation,net.jforum.extensions.RequestOperationnet.jforum.repository.PostReportRepository
net.jforum.events.EmptyForumEventnet.jforum.core.events.forum.NewForumGroupPermissionsEvent
net.jforum.services.MessageFormatService
net.jforum.actions.extensions.TopicWatchExtension,net.jforum.core.events.post.ForumPostEvent,net.jforum.core.events.post.TopicPostEvent,net.jforum.core.events.post.BadWordEvent,net.jforum.core.events.post.TopicWatchPostEvent,net.jforum.services.TopicWatchService,net.jforum.events.EmptyPostEvent,net.jforum.core.events.post.TopicReplyEventnet.jforum.entities.PrivateMessage,net.jforum.entities.Post,net.jforum.entities.Poll,net.jforum.entities.PostReportStatus,net.jforum.repository.UserRepository,net.jforum.repository.TopicRepository,net.jforum.entities.PostReport,net.jforum.entities.ModerationLog,net.jforum.entities.PollOption,net.jforum.entities.Topic,net.jforum.entities.User,net.jforum.entities.PollVoter,net.jforum.entities.TopicWatch,net.jforum.entities.Attachment,net.jforum.repository.PrivateMessageRepository,net.jforum.entities.Ranking,net.jforum.entities.util.Paginationnet.jforum.entities.BadWordnet.jforum.repository.BadWordRepositorynet.jforum.repository.TopicWatchRepositorynet.jforum.util.mail.SpammerTaskExecutor
net.jforum.services.PostService,net.jforum.services.TopicService,net.jforum.services.PollService,net.jforum.services.AttachmentServicenet.jforum.entities.PrivateMessage,net.jforum.entities.Post,net.jforum.entities.Poll,net.jforum.entities.PostReportStatus,net.jforum.repository.UserRepository,net.jforum.repository.TopicRepository,net.jforum.entities.PostReport,net.jforum.entities.ModerationLog,net.jforum.entities.PollOption,net.jforum.entities.Topic,net.jforum.entities.User,net.jforum.entities.PollVoter,net.jforum.entities.TopicWatch,net.jforum.entities.Attachment,net.jforum.repository.PrivateMessageRepository,net.jforum.entities.Ranking,net.jforum.entities.util.Paginationnet.jforum.actions.helpers.AttachedFile,net.jforum.util.UploadUtils
net.jforum.controllers.AvatarAdminController,net.jforum.services.UserService,net.jforum.services.AvatarServicenet.jforum.entities.PrivateMessage,net.jforum.entities.Post,net.jforum.entities.Poll,net.jforum.entities.PostReportStatus,net.jforum.repository.UserRepository,net.jforum.repository.TopicRepository,net.jforum.entities.PostReport,net.jforum.entities.ModerationLog,net.jforum.entities.PollOption,net.jforum.entities.Topic,net.jforum.entities.User,net.jforum.entities.PollVoter,net.jforum.entities.TopicWatch,net.jforum.entities.Attachment,net.jforum.repository.PrivateMessageRepository,net.jforum.entities.Ranking,net.jforum.entities.util.Paginationnet.jforum.repository.AvatarRepositorynet.jforum.entities.AvatarType,net.jforum.entities.Avatarnet.jforum.util.mail.ActivationKeySpammer,net.jforum.util.I18n,net.jforum.util.mail.TopicReplySpammer,net.jforum.util.mail.PrivateMessageSpammer,net.jforum.controllers.UserAdminController,net.jforum.controllers.UserController,net.jforum.util.mail.SpammerFactory,net.jforum.core.tags.ImportFileTag,net.jforum.core.tags.ImportResponseWrapper,net.jforum.util.JForumConfignet.jforum.sso.DefaultLoginAuthenticator,net.jforum.sso.LoginAuthenticatornet.jforum.util.MD5net.jforum.core.exceptions.ValidationExceptionnet.jforum.util.ImageInfo
net.jforum.core.events.topic.TopicWatchTopicEvent,net.jforum.events.EmptyTopicEvent,net.jforum.core.events.topic.ForumTopicEventnet.jforum.repository.TopicWatchRepository
net.jforum.controllers.RSSController,net.jforum.services.RSSServicenet.jforum.util.mail.ActivationKeySpammer,net.jforum.util.I18n,net.jforum.util.mail.TopicReplySpammer,net.jforum.util.mail.PrivateMessageSpammer,net.jforum.controllers.UserAdminController,net.jforum.controllers.UserController,net.jforum.util.mail.SpammerFactory,net.jforum.core.tags.ImportFileTag,net.jforum.core.tags.ImportResponseWrapper,net.jforum.util.JForumConfig
net.jforum.controllers.RankingAdminController,net.jforum.services.RankingServicenet.jforum.repository.RankingRepository
net.jforum.services.PrivateMessageService,net.jforum.controllers.PrivateMessageController
net.jforum.services.CategoryService,net.jforum.controllers.CategoryAdminControllernet.jforum.entities.Category,net.jforum.repository.CategoryRepository,net.jforum.entities.Theme
net.jforum.core.support.hibernate.SpringSessionFactory,net.jforum.core.support.hibernate.SpringInterceptor
net.jforum.services.ConfigService,net.jforum.controllers.ConfigControllernet.jforum.repository.ConfigRepositorynet.jforum.entities.Confignet.jforum.util.mail.ActivationKeySpammer,net.jforum.util.I18n,net.jforum.util.mail.TopicReplySpammer,net.jforum.util.mail.PrivateMessageSpammer,net.jforum.controllers.UserAdminController,net.jforum.controllers.UserController,net.jforum.util.mail.SpammerFactory,net.jforum.core.tags.ImportFileTag,net.jforum.core.tags.ImportResponseWrapper,net.jforum.util.JForumConfig
net.jforum.extensions.ActionExtensionManager,net.jforum.actions.interceptors.ExtendsAnnotationInterceptor
net.jforum.services.ForumService,net.jforum.controllers.ForumAdminControllernet.jforum.repository.RSSRepository,net.jforum.entities.Forum,net.jforum.entities.Session,net.jforum.entities.UserSession,net.jforum.plugins.post.ForumLimitedTime
net.jforum.controllers.RecentTopicsController,net.jforum.security.TopicFilternet.jforum.repository.RecentTopicsRepository
net.jforum.services.SmilieService,net.jforum.controllers.SmilieAdminControllernet.jforum.entities.Smilie
