net.jforum.security.ReplyTopicRule,net.jforum.security.DownloadAttachmentRule,net.jforum.controllers.GroupAdminController,net.jforum.plugins.post.PostEditInterceptor,net.jforum.plugins.post.ForumAdminExtension,net.jforum.core.SessionManager,net.jforum.security.RoleManager,net.jforum.services.GroupService,net.jforum.core.UserSessionListener,net.jforum.controllers.PostReportController,net.jforum.security.CreateNewTopicRule,net.jforum.security.ChangePostRule,net.jforum.security.AdministrationRule,net.jforum.actions.interceptors.SessionManagerInterceptornet.jforum.security.AccessForumRule,net.jforum.security.PrivateMessageEnabledRule,net.jforum.security.AccessRule,net.jforum.security.EditUserRule,net.jforum.security.PrivateMessageOwnerRule,net.jforum.security.ModerationRule,net.jforum.security.EmptyRule,net.jforum.security.AuthenticatedRulenet.jforum.entities.Banlistnet.jforum.entities.ForumWatchnet.jforum.repository.SessionRepositorynet.jforum.repository.PostRepositorynet.jforum.plugins.post.ForumLimitedTimeRepositorynet.jforum.repository.PostReportRepositorynet.jforum.repository.GroupRepositorynet.jforum.entities.Role,net.jforum.entities.Groupnet.jforum.entities.AttachmentExtension,net.jforum.entities.AttachmentExtensionGroupnet.jforum.util.mail.PrivateMessageSpammer,net.jforum.util.mail.SpammerFactory,net.jforum.util.mail.EmailSenderTask,net.jforum.util.mail.Spammer,net.jforum.controllers.UserAdminController,net.jforum.util.mail.TopicReplySpammer,net.jforum.util.JForumConfig,net.jforum.util.mail.ActivationKeySpammer,net.jforum.util.mail.LostPasswordSpammer,net.jforum.core.exceptions.MailException,net.jforum.controllers.UserController,net.jforum.util.mail.IdentifiableMimeMessagenet.jforum.core.support.spring.RoleManagerFactoryBeannet.jforum.core.tags.Functionsnet.jforum.controllers.AdminControllernet.jforum.util.mail.MessageIdnet.jforum.core.tags.URLTag,net.jforum.core.tags.ImportResponseWrapper,net.jforum.core.tags.FormatSignatureTag,net.jforum.core.tags.DisplayCategoriesTag,net.jforum.core.tags.ImportFileTag,net.jforum.core.tags.DisplayForumsTag,net.jforum.core.tags.SettingsTag,net.jforum.core.tags.TemplateResourceTag,net.jforum.core.tags.DisplayFormattedMessageTag,net.jforum.formatters.PostFormatters,net.jforum.core.tags.JForumTagnet.jforum.util.CategoryOrderComparatornet.jforum.sso.SSOUtilsnet.jforum.formatters.PostOptions,net.jforum.formatters.NewLineToHtmlBreakFormatter,net.jforum.formatters.SafeHtmlAttributesFormatter,net.jforum.formatters.SmiliesFormatter,net.jforum.formatters.Formatter,net.jforum.formatters.SafeHtmlTagsFormatter,net.jforum.util.SafeHtml,net.jforum.formatters.HtmlEntitiesFormatternet.jforum.formatters.BBCode,net.jforum.formatters.BBConfigFormatternet.jforum.sso.RemoteUserSSO,net.jforum.sso.SSO
net.jforum.core.support.hibernate.CacheEvictionRules
net.jforum.events.EmptyCategoryEventnet.jforum.core.events.category.NewCategoryGroupPermissionsEvent
net.jforum.services.MessageFormatService
net.jforum.core.VRaptorCustomPathResolver
net.jforum.services.LostPasswordService
net.jforum.controllers.BadWordAdminControllernet.jforum.repository.BadWordRepository
net.jforum.controllers.LuceneAdminController
net.jforum.controllers.SearchControllernet.jforum.entities.util.SearchSortType,net.jforum.entities.util.SearchSort,net.jforum.repository.SearchRepository,net.jforum.entities.util.SearchMatchType,net.jforum.entities.util.SearchParams
net.jforum.controllers.BanlistAdminControllernet.jforum.repository.BanlistRepository
net.jforum.services.AttachmentService,net.jforum.controllers.PostController,net.jforum.services.PostService,net.jforum.services.PollService,net.jforum.controllers.MessageController,net.jforum.controllers.TopicController,net.jforum.services.TopicServicenet.jforum.entities.PostReportStatus,net.jforum.entities.PrivateMessage,net.jforum.entities.ModerationLog,net.jforum.entities.PostReport,net.jforum.entities.util.Pagination,net.jforum.entities.TopicWatch,net.jforum.entities.Post,net.jforum.entities.User,net.jforum.entities.Ranking,net.jforum.repository.TopicRepository,net.jforum.repository.PrivateMessageRepository,net.jforum.repository.UserRepository,net.jforum.entities.Attachment,net.jforum.entities.Topicnet.jforum.repository.PollRepositorynet.jforum.entities.UserSession,net.jforum.entities.Forum,net.jforum.entities.Session,net.jforum.repository.RSSRepository,net.jforum.plugins.post.ForumLimitedTimenet.jforum.repository.RankingRepositorynet.jforum.repository.SmilieRepositorynet.jforum.repository.PostRepositorynet.jforum.entities.Poll,net.jforum.entities.PollOption,net.jforum.entities.PollVoternet.jforum.util.mail.PrivateMessageSpammer,net.jforum.util.mail.SpammerFactory,net.jforum.util.mail.EmailSenderTask,net.jforum.util.mail.Spammer,net.jforum.controllers.UserAdminController,net.jforum.util.mail.TopicReplySpammer,net.jforum.util.JForumConfig,net.jforum.util.mail.ActivationKeySpammer,net.jforum.util.mail.LostPasswordSpammer,net.jforum.core.exceptions.MailException,net.jforum.controllers.UserController,net.jforum.util.mail.IdentifiableMimeMessagenet.jforum.util.URLBuildernet.jforum.util.ImageUtils,net.jforum.core.tags.I18nTag,net.jforum.util.I18n,net.jforum.core.exceptions.ForumExceptionnet.jforum.actions.helpers.PostFormOptions,net.jforum.actions.helpers.ActionUtilsnet.jforum.util.UploadUtils,net.jforum.actions.helpers.AttachedFile
net.jforum.security.TopicFilter,net.jforum.controllers.RecentTopicsControllernet.jforum.core.support.hibernate.SpringSessionFactory,net.jforum.core.support.hibernate.SpringInterceptornet.jforum.controllers.ForumAdminController,net.jforum.services.ForumServicenet.jforum.controllers.RankingAdminController,net.jforum.services.RankingServicenet.jforum.extensions.ActionExtensionManager,net.jforum.actions.interceptors.ExtendsAnnotationInterceptornet.jforum.entities.Banlistnet.jforum.entities.ForumWatchnet.jforum.entities.UserSession,net.jforum.entities.Forum,net.jforum.entities.Session,net.jforum.repository.RSSRepository,net.jforum.plugins.post.ForumLimitedTimenet.jforum.repository.RankingRepositorynet.jforum.repository.RecentTopicsRepositorynet.jforum.entities.Theme,net.jforum.repository.CategoryRepository,net.jforum.entities.Categorynet.jforum.entities.AttachmentExtension,net.jforum.entities.AttachmentExtensionGroupnet.jforum.core.tags.Functionsnet.jforum.util.mail.MessageIdnet.jforum.util.CategoryOrderComparatornet.jforum.formatters.PostOptions,net.jforum.formatters.NewLineToHtmlBreakFormatter,net.jforum.formatters.SafeHtmlAttributesFormatter,net.jforum.formatters.SmiliesFormatter,net.jforum.formatters.Formatter,net.jforum.formatters.SafeHtmlTagsFormatter,net.jforum.util.SafeHtml,net.jforum.formatters.HtmlEntitiesFormatternet.jforum.formatters.BBCode,net.jforum.formatters.BBConfigFormatternet.jforum.sso.RemoteUserSSO,net.jforum.sso.SSO
net.jforum.controllers.ThemeControllernet.jforum.repository.ThemeRepository
net.jforum.events.EmptyForumEventnet.jforum.core.events.forum.NewForumGroupPermissionsEvent
net.jforum.services.MostUsersEverOnlineService,net.jforum.controllers.ModerationController,net.jforum.services.ModerationLogService,net.jforum.controllers.ForumController,net.jforum.services.ModerationServicenet.jforum.entities.Confignet.jforum.repository.ConfigRepositorynet.jforum.entities.MostUsersEverOnlinenet.jforum.repository.ModerationLogRepositorynet.jforum.entities.Theme,net.jforum.repository.CategoryRepository,net.jforum.entities.Categorynet.jforum.repository.ForumRepository,net.jforum.entities.ForumStatsnet.jforum.util.GroupInteractionFilternet.jforum.actions.helpers.ApproveInfo
net.jforum.events.EmptyPostEvent,net.jforum.core.events.post.TopicReplyEvent,net.jforum.core.events.post.TopicPostEvent,net.jforum.core.events.post.BadWordEvent,net.jforum.core.events.post.ForumPostEventnet.jforum.entities.BadWordnet.jforum.repository.BadWordRepositorynet.jforum.util.mail.SpammerTaskExecutor
net.jforum.services.TopicWatchService,net.jforum.actions.extensions.TopicWatchExtension,net.jforum.core.events.post.TopicWatchPostEventnet.jforum.repository.TopicWatchRepository
net.jforum.actions.interceptors.ControllerSecurityInterceptor,net.jforum.actions.interceptors.SecurityInterceptor,net.jforum.actions.interceptors.MethodSecurityInterceptor
net.jforum.services.AvatarService,net.jforum.services.UserService,net.jforum.controllers.AvatarAdminControllernet.jforum.entities.PostReportStatus,net.jforum.entities.PrivateMessage,net.jforum.entities.ModerationLog,net.jforum.entities.PostReport,net.jforum.entities.util.Pagination,net.jforum.entities.TopicWatch,net.jforum.entities.Post,net.jforum.entities.User,net.jforum.entities.Ranking,net.jforum.repository.TopicRepository,net.jforum.repository.PrivateMessageRepository,net.jforum.repository.UserRepository,net.jforum.entities.Attachment,net.jforum.entities.Topicnet.jforum.repository.AvatarRepositorynet.jforum.entities.Avatar,net.jforum.entities.AvatarTypenet.jforum.util.mail.PrivateMessageSpammer,net.jforum.util.mail.SpammerFactory,net.jforum.util.mail.EmailSenderTask,net.jforum.util.mail.Spammer,net.jforum.controllers.UserAdminController,net.jforum.util.mail.TopicReplySpammer,net.jforum.util.JForumConfig,net.jforum.util.mail.ActivationKeySpammer,net.jforum.util.mail.LostPasswordSpammer,net.jforum.core.exceptions.MailException,net.jforum.controllers.UserController,net.jforum.util.mail.IdentifiableMimeMessagenet.jforum.core.exceptions.ValidationExceptionnet.jforum.util.MD5net.jforum.util.ImageInfonet.jforum.sso.LoginAuthenticator,net.jforum.sso.DefaultLoginAuthenticator
net.jforum.core.events.topic.ForumTopicEvent,net.jforum.core.events.topic.TopicWatchTopicEvent,net.jforum.events.EmptyTopicEventnet.jforum.repository.TopicWatchRepository
net.jforum.extensions.PostReportCounterOperation,net.jforum.extensions.RequestOperationnet.jforum.repository.PostReportRepository
net.jforum.services.RSSService,net.jforum.controllers.RSSControllernet.jforum.util.mail.PrivateMessageSpammer,net.jforum.util.mail.SpammerFactory,net.jforum.util.mail.EmailSenderTask,net.jforum.util.mail.Spammer,net.jforum.controllers.UserAdminController,net.jforum.util.mail.TopicReplySpammer,net.jforum.util.JForumConfig,net.jforum.util.mail.ActivationKeySpammer,net.jforum.util.mail.LostPasswordSpammer,net.jforum.core.exceptions.MailException,net.jforum.controllers.UserController,net.jforum.util.mail.IdentifiableMimeMessage
net.jforum.services.PrivateMessageService,net.jforum.controllers.PrivateMessageController
net.jforum.controllers.CategoryAdminController,net.jforum.services.CategoryServicenet.jforum.entities.Theme,net.jforum.repository.CategoryRepository,net.jforum.entities.Category
net.jforum.services.SmilieService,net.jforum.controllers.SmilieAdminControllernet.jforum.entities.Smilie
net.jforum.security.ReplyTopicRule,net.jforum.security.DownloadAttachmentRule,net.jforum.controllers.GroupAdminController,net.jforum.plugins.post.PostEditInterceptor,net.jforum.plugins.post.ForumAdminExtension,net.jforum.core.SessionManager,net.jforum.security.RoleManager,net.jforum.services.GroupService,net.jforum.core.UserSessionListener,net.jforum.controllers.PostReportController,net.jforum.security.CreateNewTopicRule,net.jforum.security.ChangePostRule,net.jforum.security.AdministrationRule,net.jforum.actions.interceptors.SessionManagerInterceptornet.jforum.security.AccessForumRule,net.jforum.security.PrivateMessageEnabledRule,net.jforum.security.AccessRule,net.jforum.security.EditUserRule,net.jforum.security.PrivateMessageOwnerRule,net.jforum.security.ModerationRule,net.jforum.security.EmptyRule,net.jforum.security.AuthenticatedRule
net.jforum.services.ConfigService,net.jforum.controllers.ConfigControllernet.jforum.entities.Confignet.jforum.repository.ConfigRepositorynet.jforum.util.mail.PrivateMessageSpammer,net.jforum.util.mail.SpammerFactory,net.jforum.util.mail.EmailSenderTask,net.jforum.util.mail.Spammer,net.jforum.controllers.UserAdminController,net.jforum.util.mail.TopicReplySpammer,net.jforum.util.JForumConfig,net.jforum.util.mail.ActivationKeySpammer,net.jforum.util.mail.LostPasswordSpammer,net.jforum.core.exceptions.MailException,net.jforum.controllers.UserController,net.jforum.util.mail.IdentifiableMimeMessage
