net.jforum.core.SessionManager,net.jforum.security.CreateNewTopicRule,net.jforum.services.PrivateMessageService,net.jforum.actions.interceptors.SessionManagerInterceptor,net.jforum.security.RoleManager,net.jforum.controllers.PrivateMessageController,net.jforum.plugins.post.ForumAdminExtension,net.jforum.security.ChangePostRule,net.jforum.security.ReplyTopicRule,net.jforum.controllers.GroupAdminController,net.jforum.core.UserSessionListener,net.jforum.plugins.post.PostEditInterceptor,net.jforum.services.ForumService,net.jforum.services.GroupService,net.jforum.controllers.ForumAdminController,net.jforum.controllers.PostReportControllernet.jforum.entities.Role,net.jforum.repository.PrivateMessageRepository,net.jforum.entities.AvatarType,net.jforum.entities.Group,net.jforum.repository.UserRepository,net.jforum.entities.PrivateMessage,net.jforum.entities.Ranking,net.jforum.entities.Avatar,net.jforum.entities.ModerationLog,net.jforum.entities.Usernet.jforum.repository.PostReportRepositorynet.jforum.entities.ForumWatchnet.jforum.repository.PostRepositorynet.jforum.plugins.post.ForumLimitedTimeRepositorynet.jforum.repository.GroupRepositorynet.jforum.repository.SessionRepositorynet.jforum.entities.Theme,net.jforum.repository.CategoryRepository,net.jforum.entities.Categorynet.jforum.entities.AttachmentExtension,net.jforum.entities.AttachmentExtensionGroupnet.jforum.entities.Banlistnet.jforum.util.mail.IdentifiableMimeMessage,net.jforum.core.exceptions.MailException,net.jforum.util.mail.LostPasswordSpammer,net.jforum.util.JForumConfig,net.jforum.util.mail.TopicReplySpammer,net.jforum.util.mail.PrivateMessageSpammer,net.jforum.util.mail.Spammer,net.jforum.util.mail.ActivationKeySpammer,net.jforum.util.mail.EmailSenderTask,net.jforum.controllers.UserController,net.jforum.controllers.UserAdminController,net.jforum.util.mail.SpammerFactorynet.jforum.sso.SSOUtilsnet.jforum.core.support.spring.RoleManagerFactoryBeannet.jforum.util.CategoryOrderComparatornet.jforum.core.tags.Functionsnet.jforum.core.exceptions.ValidationExceptionnet.jforum.util.mail.MessageIdnet.jforum.core.tags.JForumTag,net.jforum.core.tags.DisplayFormattedMessageTag,net.jforum.core.tags.FormatSignatureTag,net.jforum.core.tags.ImportFileTag,net.jforum.core.tags.URLTag,net.jforum.core.tags.ImportResponseWrapper,net.jforum.core.tags.DisplayCategoriesTag,net.jforum.core.tags.DisplayForumsTag,net.jforum.formatters.PostFormatters,net.jforum.core.tags.TemplateResourceTag,net.jforum.core.tags.SettingsTagnet.jforum.formatters.PostOptions,net.jforum.formatters.BBCode,net.jforum.formatters.BBConfigFormatter,net.jforum.formatters.SafeHtmlTagsFormatter,net.jforum.util.SafeHtml,net.jforum.formatters.HtmlEntitiesFormatter,net.jforum.formatters.SmiliesFormatter,net.jforum.formatters.SafeHtmlAttributesFormatter,net.jforum.formatters.Formatter,net.jforum.formatters.NewLineToHtmlBreakFormatternet.jforum.sso.RemoteUserSSO,net.jforum.sso.SSOnet.jforum.controllers.AdminController
net.jforum.events.EmptyCategoryEventnet.jforum.core.events.category.NewCategoryGroupPermissionsEvent
net.jforum.core.support.hibernate.CacheEvictionRules
net.jforum.security.PrivateMessageEnabledRule,net.jforum.security.ModerationRule,net.jforum.actions.interceptors.SecurityInterceptor,net.jforum.security.DownloadAttachmentRule,net.jforum.security.PrivateMessageOwnerRule,net.jforum.actions.interceptors.MethodSecurityInterceptor,net.jforum.security.AdministrationRule,net.jforum.actions.interceptors.ControllerSecurityInterceptor,net.jforum.security.EmptyRule,net.jforum.security.AuthenticatedRule,net.jforum.security.AccessRule,net.jforum.security.EditUserRule,net.jforum.security.AccessForumRule
net.jforum.controllers.BanlistAdminControllernet.jforum.repository.BanlistRepository
net.jforum.controllers.SearchControllernet.jforum.entities.util.SearchMatchType,net.jforum.repository.SearchRepository,net.jforum.entities.util.SearchParams,net.jforum.entities.util.SearchSortType,net.jforum.entities.util.SearchSort
net.jforum.services.MessageFormatService
net.jforum.controllers.ThemeControllernet.jforum.repository.ThemeRepository
net.jforum.core.VRaptorCustomPathResolver
net.jforum.controllers.LuceneAdminController
net.jforum.services.LostPasswordService
net.jforum.actions.interceptors.ExtendsAnnotationInterceptor,net.jforum.extensions.ActionExtensionManager
net.jforum.events.EmptyForumEventnet.jforum.core.events.forum.NewForumGroupPermissionsEvent
net.jforum.actions.extensions.TopicWatchExtension,net.jforum.core.events.post.TopicPostEvent,net.jforum.services.TopicWatchService,net.jforum.core.events.post.BadWordEvent,net.jforum.core.events.post.ForumPostEvent,net.jforum.core.events.post.TopicWatchPostEvent,net.jforum.core.events.post.TopicReplyEvent,net.jforum.events.EmptyPostEventnet.jforum.repository.TopicWatchRepositorynet.jforum.repository.BadWordRepositorynet.jforum.entities.BadWordnet.jforum.util.mail.SpammerTaskExecutor
net.jforum.services.PostService,net.jforum.controllers.MessageController,net.jforum.services.PollService,net.jforum.services.TopicService,net.jforum.controllers.PostController,net.jforum.services.AttachmentService,net.jforum.controllers.TopicControllernet.jforum.repository.SmilieRepositorynet.jforum.repository.RankingRepositorynet.jforum.plugins.post.ForumLimitedTime,net.jforum.entities.Session,net.jforum.entities.Forum,net.jforum.entities.UserSession,net.jforum.entities.util.Pagination,net.jforum.entities.ForumStats,net.jforum.repository.ForumRepository,net.jforum.repository.RSSRepositorynet.jforum.repository.PostRepositorynet.jforum.repository.PollRepositorynet.jforum.entities.PostReport,net.jforum.repository.TopicRepository,net.jforum.entities.TopicWatch,net.jforum.entities.Post,net.jforum.entities.Attachment,net.jforum.entities.Topic,net.jforum.entities.PostReportStatusnet.jforum.entities.Poll,net.jforum.entities.PollVoter,net.jforum.entities.PollOptionnet.jforum.util.mail.IdentifiableMimeMessage,net.jforum.core.exceptions.MailException,net.jforum.util.mail.LostPasswordSpammer,net.jforum.util.JForumConfig,net.jforum.util.mail.TopicReplySpammer,net.jforum.util.mail.PrivateMessageSpammer,net.jforum.util.mail.Spammer,net.jforum.util.mail.ActivationKeySpammer,net.jforum.util.mail.EmailSenderTask,net.jforum.controllers.UserController,net.jforum.controllers.UserAdminController,net.jforum.util.mail.SpammerFactorynet.jforum.util.URLBuildernet.jforum.util.I18n,net.jforum.util.ImageUtils,net.jforum.core.exceptions.ForumException,net.jforum.core.tags.I18nTagnet.jforum.actions.helpers.ActionUtils,net.jforum.actions.helpers.PostFormOptionsnet.jforum.actions.helpers.AttachedFile,net.jforum.util.UploadUtils
net.jforum.services.ModerationService,net.jforum.services.ModerationLogService,net.jforum.controllers.ModerationController,net.jforum.controllers.ForumController,net.jforum.services.MostUsersEverOnlineServicenet.jforum.entities.Confignet.jforum.entities.MostUsersEverOnlinenet.jforum.repository.ConfigRepositorynet.jforum.plugins.post.ForumLimitedTime,net.jforum.entities.Session,net.jforum.entities.Forum,net.jforum.entities.UserSession,net.jforum.entities.util.Pagination,net.jforum.entities.ForumStats,net.jforum.repository.ForumRepository,net.jforum.repository.RSSRepositorynet.jforum.repository.ModerationLogRepositorynet.jforum.entities.Theme,net.jforum.repository.CategoryRepository,net.jforum.entities.Categorynet.jforum.actions.helpers.ApproveInfonet.jforum.util.GroupInteractionFilter
net.jforum.events.EmptyTopicEvent,net.jforum.core.events.topic.TopicWatchTopicEvent,net.jforum.core.events.topic.ForumTopicEventnet.jforum.repository.TopicWatchRepository
net.jforum.services.AvatarService,net.jforum.controllers.AvatarAdminController,net.jforum.services.UserServicenet.jforum.entities.Role,net.jforum.repository.PrivateMessageRepository,net.jforum.entities.AvatarType,net.jforum.entities.Group,net.jforum.repository.UserRepository,net.jforum.entities.PrivateMessage,net.jforum.entities.Ranking,net.jforum.entities.Avatar,net.jforum.entities.ModerationLog,net.jforum.entities.Usernet.jforum.repository.AvatarRepositorynet.jforum.util.mail.IdentifiableMimeMessage,net.jforum.core.exceptions.MailException,net.jforum.util.mail.LostPasswordSpammer,net.jforum.util.JForumConfig,net.jforum.util.mail.TopicReplySpammer,net.jforum.util.mail.PrivateMessageSpammer,net.jforum.util.mail.Spammer,net.jforum.util.mail.ActivationKeySpammer,net.jforum.util.mail.EmailSenderTask,net.jforum.controllers.UserController,net.jforum.controllers.UserAdminController,net.jforum.util.mail.SpammerFactorynet.jforum.core.exceptions.ValidationExceptionnet.jforum.util.MD5net.jforum.util.ImageInfonet.jforum.sso.DefaultLoginAuthenticator,net.jforum.sso.LoginAuthenticator
net.jforum.extensions.PostReportCounterOperation,net.jforum.extensions.RequestOperationnet.jforum.repository.PostReportRepository
net.jforum.controllers.RankingAdminController,net.jforum.services.RankingServicenet.jforum.repository.RankingRepository
net.jforum.services.RSSService,net.jforum.controllers.RSSControllernet.jforum.util.mail.IdentifiableMimeMessage,net.jforum.core.exceptions.MailException,net.jforum.util.mail.LostPasswordSpammer,net.jforum.util.JForumConfig,net.jforum.util.mail.TopicReplySpammer,net.jforum.util.mail.PrivateMessageSpammer,net.jforum.util.mail.Spammer,net.jforum.util.mail.ActivationKeySpammer,net.jforum.util.mail.EmailSenderTask,net.jforum.controllers.UserController,net.jforum.controllers.UserAdminController,net.jforum.util.mail.SpammerFactory
net.jforum.controllers.CategoryAdminController,net.jforum.services.CategoryServicenet.jforum.entities.Theme,net.jforum.repository.CategoryRepository,net.jforum.entities.Category
net.jforum.controllers.ConfigController,net.jforum.services.ConfigServicenet.jforum.entities.Confignet.jforum.repository.ConfigRepositorynet.jforum.util.mail.IdentifiableMimeMessage,net.jforum.core.exceptions.MailException,net.jforum.util.mail.LostPasswordSpammer,net.jforum.util.JForumConfig,net.jforum.util.mail.TopicReplySpammer,net.jforum.util.mail.PrivateMessageSpammer,net.jforum.util.mail.Spammer,net.jforum.util.mail.ActivationKeySpammer,net.jforum.util.mail.EmailSenderTask,net.jforum.controllers.UserController,net.jforum.controllers.UserAdminController,net.jforum.util.mail.SpammerFactory
net.jforum.security.TopicFilter,net.jforum.controllers.RecentTopicsControllernet.jforum.repository.RecentTopicsRepository
net.jforum.controllers.SmilieAdminController,net.jforum.services.SmilieServicenet.jforum.entities.Smilie
net.jforum.core.support.hibernate.SpringInterceptor,net.jforum.core.support.hibernate.SpringSessionFactory
net.jforum.controllers.BadWordAdminControllernet.jforum.repository.BadWordRepository
